begin_time,end_time,type,bounding_box
2020-07-01 00:00:00,2020-07-01 00:00:00,hail+torn,762_466_821_551
2020-07-01 00:00:00,2020-07-01 00:00:00,wind,1414_519_1461_565
2020-07-01 00:00:00,2020-07-01 00:00:00,wind,1119_305_1193_375
2020-07-01 01:00:00,2020-07-01 01:00:00,wind,1417_508_1463_558
2020-07-01 01:00:00,2020-07-01 01:00:00,wind,1125_283_1183_336
2020-07-01 17:00:00,2020-07-01 17:00:00,wind+torn,1035_432_1134_483
2020-07-01 17:00:00,2020-07-01 17:00:00,wind,1292_284_1337_329
2020-07-01 18:00:00,2020-07-01 18:00:00,wind,1279_258_1380_372
2020-07-01 18:00:00,2020-07-01 18:00:00,wind,1055_418_1098_469
2020-07-01 19:00:00,2020-07-01 19:00:00,wind+hail,1475_597_1568_657
2020-07-01 20:00:00,2020-07-01 20:00:00,wind,1084_401_1149_457
2020-07-01 20:00:00,2020-07-01 20:00:00,hail+wind,1462_529_1570_659
2020-07-01 20:00:00,2020-07-01 20:00:00,wind,1328_255_1375_306
2020-07-01 21:00:00,2020-07-01 21:00:00,wind,1499_517_1546_563
2020-07-01 21:00:00,2020-07-01 21:00:00,wind,1108_400_1149_441
2020-07-01 21:00:00,2020-07-01 21:00:00,wind,1188_230_1228_271
2020-07-01 21:00:00,2020-07-01 21:00:00,hail+wind,1474_689_1601_791
2020-07-01 22:00:00,2020-07-01 22:00:00,wind,1383_249_1432_290
2020-07-01 22:00:00,2020-07-01 22:00:00,hail,801_259_841_300
2020-07-01 23:00:00,2020-07-01 23:00:00,hail+wind,784_234_829_285
2020-07-01 23:00:00,2020-07-01 23:00:00,wind,564_788_617_833
2020-07-01 23:00:00,2020-07-01 23:00:00,wind,1132_240_1264_427
2020-07-01 23:00:00,2020-07-01 23:00:00,wind,1498_497_1545_641
2020-07-01 23:00:00,2020-07-01 23:00:00,hail,766_497_810_547
2020-07-02 00:00:00,2020-07-02 00:00:00,hail+wind,786_528_848_617
2020-07-02 00:00:00,2020-07-02 00:00:00,wind,783_881_824_927
2020-07-02 00:00:00,2020-07-02 00:00:00,wind,1586_754_1631_800
2020-07-02 01:00:00,2020-07-02 01:00:00,wind,1590_745_1632_792
2020-07-02 01:00:00,2020-07-02 01:00:00,wind,811_537_875_623
2020-07-02 01:00:00,2020-07-02 01:00:00,hail,777_671_819_716
2020-07-02 01:00:00,2020-07-02 01:00:00,hail,776_721_820_763
2020-07-02 02:00:00,2020-07-02 02:00:00,wind,840_523_891_589
2020-07-02 02:00:00,2020-07-02 02:00:00,wind,1587_727_1628_767
2020-07-02 03:00:00,2020-07-02 03:00:00,wind,840_524_881_564
2020-07-02 06:00:00,2020-07-02 06:00:00,wind,881_474_926_518
2020-07-02 06:00:00,2020-07-02 06:00:00,wind,848_678_905_745
2020-07-02 19:00:00,2020-07-02 19:00:00,hail,699_715_764_784
2020-07-02 19:00:00,2020-07-02 19:00:00,torn,713_558_759_602
2020-07-02 20:00:00,2020-07-02 20:00:00,wind,1515_760_1567_814
2020-07-02 20:00:00,2020-07-02 20:00:00,hail+torn,712_500_768_618
2020-07-02 20:00:00,2020-07-02 20:00:00,hail+wind,711_718_778_795
2020-07-02 21:00:00,2020-07-02 21:00:00,hail+wind,719_551_800_872
2020-07-02 21:00:00,2020-07-02 21:00:00,wind,1511_740_1662_907
2020-07-02 21:00:00,2020-07-02 21:00:00,wind,969_458_1009_499
2020-07-02 22:00:00,2020-07-02 22:00:00,hail+wind+torn,721_441_1016_885
2020-07-02 22:00:00,2020-07-02 22:00:00,wind+hail,1463_100_1503_141
2020-07-02 22:00:00,2020-07-02 22:00:00,wind,1521_722_1667_902
2020-07-02 23:00:00,2020-07-02 23:00:00,hail+wind+torn,719_465_827_852
2020-07-02 23:00:00,2020-07-02 23:00:00,wind,1526_712_1637_851
2020-07-02 23:00:00,2020-07-02 23:00:00,wind,734_273_940_378
2020-07-03 00:00:00,2020-07-03 00:00:00,hail+wind,725_521_767_562
2020-07-03 00:00:00,2020-07-03 00:00:00,wind,1522_668_1566_715
2020-07-03 01:00:00,2020-07-03 01:00:00,hail,659_846_707_906
2020-07-03 01:00:00,2020-07-03 01:00:00,hail+wind,705_781_751_847
2020-07-03 20:00:00,2020-07-03 20:00:00,wind,1521_719_1567_761
2020-07-03 21:00:00,2020-07-03 21:00:00,wind,1465_674_1505_719
2020-07-03 22:00:00,2020-07-03 22:00:00,wind,898_664_942_708
2020-07-03 22:00:00,2020-07-03 22:00:00,wind,535_793_655_872
2020-07-03 22:00:00,2020-07-03 22:00:00,wind,1477_649_1555_731
2020-07-03 23:00:00,2020-07-03 23:00:00,wind,1477_647_1562_719
2020-07-03 23:00:00,2020-07-03 23:00:00,hail,706_514_761_609
2020-07-03 23:00:00,2020-07-03 23:00:00,wind+hail,499_769_714_879
2020-07-04 00:00:00,2020-07-04 00:00:00,wind+torn,842_771_889_818
2020-07-04 01:00:00,2020-07-04 01:00:00,wind,843_767_887_810
2020-07-04 02:00:00,2020-07-04 02:00:00,wind+hail,818_747_886_808
2020-07-04 02:00:00,2020-07-04 02:00:00,hail+wind,639_865_721_938
2020-07-04 03:00:00,2020-07-04 03:00:00,wind,653_873_694_914
2020-07-04 03:00:00,2020-07-04 03:00:00,wind,713_787_756_845
2020-07-04 04:00:00,2020-07-04 04:00:00,wind,692_865_734_909
2020-07-04 04:00:00,2020-07-04 04:00:00,wind,706_877_749_928
2020-07-04 05:00:00,2020-07-04 05:00:00,wind,723_877_770_928
2020-07-04 20:00:00,2020-07-04 20:00:00,hail,775_401_815_442
2020-07-04 21:00:00,2020-07-04 21:00:00,wind,769_366_866_415
2020-07-04 21:00:00,2020-07-04 21:00:00,hail+wind,837_799_915_844
2020-07-04 22:00:00,2020-07-04 22:00:00,hail,842_800_920_848
2020-07-04 23:00:00,2020-07-04 23:00:00,hail+wind,710_687_812_758
2020-07-04 23:00:00,2020-07-04 23:00:00,wind+hail,831_780_888_866
2020-07-04 23:00:00,2020-07-04 23:00:00,torn+hail,921_879_963_926
2020-07-05 00:00:00,2020-07-05 00:00:00,wind+hail,1557_768_1606_809
2020-07-05 00:00:00,2020-07-05 00:00:00,wind,1399_466_1466_560
2020-07-05 00:00:00,2020-07-05 00:00:00,wind+hail,655_705_879_828
2020-07-05 00:00:00,2020-07-05 00:00:00,wind,1206_385_1247_425
2020-07-05 00:00:00,2020-07-05 00:00:00,wind+hail,1018_808_1136_872
2020-07-05 01:00:00,2020-07-05 01:00:00,wind,1393_466_1465_561
2020-07-05 01:00:00,2020-07-05 01:00:00,wind+hail,620_693_890_824
2020-07-05 01:00:00,2020-07-05 01:00:00,wind,1577_757_1623_820
2020-07-05 02:00:00,2020-07-05 02:00:00,wind+hail,676_707_895_807
2020-07-05 02:00:00,2020-07-05 02:00:00,wind,1583_751_1628_795
2020-07-05 03:00:00,2020-07-05 03:00:00,wind,1591_748_1640_808
2020-07-05 03:00:00,2020-07-05 03:00:00,wind,720_721_786_794
2020-07-05 18:00:00,2020-07-05 18:00:00,wind+hail,1481_614_1522_655
2020-07-05 19:00:00,2020-07-05 19:00:00,wind+hail,1426_568_1571_665
2020-07-05 19:00:00,2020-07-05 19:00:00,wind,1114_753_1182_837
2020-07-05 20:00:00,2020-07-05 20:00:00,hail+wind,1213_440_1403_544
2020-07-05 20:00:00,2020-07-05 20:00:00,wind,1115_754_1181_831
2020-07-05 20:00:00,2020-07-05 20:00:00,hail+wind,744_816_789_857
2020-07-05 21:00:00,2020-07-05 21:00:00,hail+wind,703_709_908_915
2020-07-05 21:00:00,2020-07-05 21:00:00,hail+wind,1186_420_1519_661
2020-07-05 21:00:00,2020-07-05 21:00:00,wind+hail,1015_812_1080_870
2020-07-05 22:00:00,2020-07-05 22:00:00,wind+hail,1208_422_1466_671
2020-07-05 22:00:00,2020-07-05 22:00:00,hail+wind,720_709_928_848
2020-07-05 22:00:00,2020-07-05 22:00:00,wind,1038_802_1084_846
2020-07-05 23:00:00,2020-07-05 23:00:00,wind,1401_466_1473_671
2020-07-05 23:00:00,2020-07-05 23:00:00,wind+hail,746_702_864_846
2020-07-05 23:00:00,2020-07-05 23:00:00,wind,1548_771_1595_818
2020-07-05 23:00:00,2020-07-05 23:00:00,wind,1212_386_1255_429
2020-07-06 00:00:00,2020-07-06 00:00:00,hail+wind,699_639_910_852
2020-07-06 00:00:00,2020-07-06 00:00:00,wind,1457_581_1547_663
2020-07-06 00:00:00,2020-07-06 00:00:00,wind,1263_494_1313_555
2020-07-06 01:00:00,2020-07-06 01:00:00,wind,1458_583_1549_662
2020-07-06 01:00:00,2020-07-06 01:00:00,wind+hail,715_717_767_799
2020-07-06 01:00:00,2020-07-06 01:00:00,wind,871_624_915_673
2020-07-06 01:00:00,2020-07-06 01:00:00,wind,1248_484_1290_531
2020-07-06 02:00:00,2020-07-06 02:00:00,hail+wind,727_710_798_800
2020-07-06 02:00:00,2020-07-06 02:00:00,wind,1476_575_1517_615
2020-07-06 03:00:00,2020-07-06 03:00:00,wind+hail,749_690_897_769
2020-07-06 04:00:00,2020-07-06 04:00:00,wind,803_702_851_768
2020-07-06 05:00:00,2020-07-06 05:00:00,wind,810_691_860_739
2020-07-06 19:00:00,2020-07-06 19:00:00,hail+wind,1433_651_1577_736
2020-07-06 19:00:00,2020-07-06 19:00:00,hail,871_672_915_741
2020-07-06 19:00:00,2020-07-06 19:00:00,wind,1405_561_1471_616
2020-07-06 19:00:00,2020-07-06 19:00:00,hail,676_847_716_887
2020-07-06 20:00:00,2020-07-06 20:00:00,hail+wind,1415_640_1567_748
2020-07-06 20:00:00,2020-07-06 20:00:00,hail,602_782_795_863
2020-07-06 20:00:00,2020-07-06 20:00:00,wind,1271_548_1458_604
2020-07-06 20:00:00,2020-07-06 20:00:00,wind,1136_733_1182_831
2020-07-06 21:00:00,2020-07-06 21:00:00,wind+hail,1246_530_1581_752
2020-07-06 21:00:00,2020-07-06 21:00:00,wind,1148_794_1191_836
2020-07-06 21:00:00,2020-07-06 21:00:00,hail,631_811_724_906
2020-07-06 22:00:00,2020-07-06 22:00:00,wind,1454_627_1545_747
2020-07-06 22:00:00,2020-07-06 22:00:00,hail+wind,638_759_716_929
2020-07-06 22:00:00,2020-07-06 22:00:00,wind+hail,868_656_933_713
2020-07-06 22:00:00,2020-07-06 22:00:00,wind,1222_515_1364_602
2020-07-06 23:00:00,2020-07-06 23:00:00,hail+wind,1446_613_1599_765
2020-07-06 23:00:00,2020-07-06 23:00:00,hail+torn+wind,676_741_732_837
2020-07-06 23:00:00,2020-07-06 23:00:00,wind,1224_515_1363_558
2020-07-06 23:00:00,2020-07-06 23:00:00,hail+wind,868_650_947_700
2020-07-07 00:00:00,2020-07-07 00:00:00,wind+hail,654_693_813_940
2020-07-07 00:00:00,2020-07-07 00:00:00,wind+hail,1368_583_1410_624
2020-07-07 01:00:00,2020-07-07 01:00:00,hail+wind,663_773_746_932
2020-07-07 01:00:00,2020-07-07 01:00:00,wind,763_676_805_725
2020-07-07 01:00:00,2020-07-07 01:00:00,wind,1256_401_1296_442
2020-07-07 02:00:00,2020-07-07 02:00:00,wind+hail,699_778_782_939
2020-07-07 02:00:00,2020-07-07 02:00:00,wind,731_569_776_624
2020-07-07 03:00:00,2020-07-07 03:00:00,wind+hail,721_729_832_943
2020-07-07 04:00:00,2020-07-07 04:00:00,wind,763_839_806_918
2020-07-07 04:00:00,2020-07-07 04:00:00,wind+torn,773_819_836_904
2020-07-07 05:00:00,2020-07-07 05:00:00,wind+hail,809_813_901_899
2020-07-07 06:00:00,2020-07-07 06:00:00,wind,825_863_885_914
2020-07-07 06:00:00,2020-07-07 06:00:00,hail+wind,861_816_912_882
2020-07-07 09:00:00,2020-07-07 09:00:00,wind,903_790_945_830
2020-07-07 09:00:00,2020-07-07 09:00:00,wind,910_806_950_847
2020-07-07 09:00:00,2020-07-07 09:00:00,wind+torn,915_803_959_846
2020-07-07 09:00:00,2020-07-07 09:00:00,wind,915_799_956_839
2020-07-07 10:00:00,2020-07-07 10:00:00,torn+wind,931_799_973_840
2020-07-07 11:00:00,2020-07-07 11:00:00,wind,947_802_1005_853
2020-07-07 18:00:00,2020-07-07 18:00:00,wind,1162_595_1221_673
2020-07-07 18:00:00,2020-07-07 18:00:00,hail+wind,1041_715_1088_759
2020-07-07 19:00:00,2020-07-07 19:00:00,wind,1029_701_1079_745
2020-07-07 19:00:00,2020-07-07 19:00:00,wind,1260_591_1368_652
2020-07-07 19:00:00,2020-07-07 19:00:00,hail+wind,524_799_597_919
2020-07-07 20:00:00,2020-07-07 20:00:00,hail+wind,525_799_612_951
2020-07-07 20:00:00,2020-07-07 20:00:00,wind,1366_597_1446_680
2020-07-07 21:00:00,2020-07-07 21:00:00,wind+hail,1193_579_1287_663
2020-07-07 21:00:00,2020-07-07 21:00:00,hail+wind,526_799_629_896
2020-07-07 22:00:00,2020-07-07 22:00:00,hail+wind+torn,565_773_678_951
2020-07-07 22:00:00,2020-07-07 22:00:00,wind,1041_645_1182_695
2020-07-07 23:00:00,2020-07-07 23:00:00,hail+wind,538_772_713_951
2020-07-07 23:00:00,2020-07-07 23:00:00,wind+hail,1110_543_1437_734
2020-07-08 00:00:00,2020-07-08 00:00:00,torn+wind,742_595_858_711
2020-07-08 00:00:00,2020-07-08 00:00:00,hail+torn+wind,953_800_1077_906
2020-07-08 00:00:00,2020-07-08 00:00:00,wind,1294_376_1335_417
2020-07-08 01:00:00,2020-07-08 01:00:00,torn+hail+wind,971_801_1085_848
2020-07-08 01:00:00,2020-07-08 01:00:00,wind+torn+hail,756_559_879_702
2020-07-08 02:00:00,2020-07-08 02:00:00,wind+hail,791_577_908_718
2020-07-08 02:00:00,2020-07-08 02:00:00,hail,865_737_908_781
2020-07-08 03:00:00,2020-07-08 03:00:00,wind,1022_795_1120_862
2020-07-08 03:00:00,2020-07-08 03:00:00,wind,790_558_884_658
2020-07-08 03:00:00,2020-07-08 03:00:00,wind+hail,851_726_912_784
2020-07-08 04:00:00,2020-07-08 04:00:00,wind+hail+torn,805_556_914_654
2020-07-08 05:00:00,2020-07-08 05:00:00,wind,853_544_935_650
2020-07-08 05:00:00,2020-07-08 05:00:00,wind+hail,902_788_945_832
2020-07-08 06:00:00,2020-07-08 06:00:00,wind,889_532_963_649
2020-07-08 06:00:00,2020-07-08 06:00:00,wind+hail,902_788_1000_863
2020-07-08 07:00:00,2020-07-08 07:00:00,wind,916_557_967_611
2020-07-08 07:00:00,2020-07-08 07:00:00,wind+hail,934_784_1006_889
2020-07-08 07:00:00,2020-07-08 07:00:00,hail,738_709_792_749
2020-07-08 08:00:00,2020-07-08 08:00:00,wind,917_503_974_573
2020-07-08 08:00:00,2020-07-08 08:00:00,wind,966_804_1049_868
2020-07-08 08:00:00,2020-07-08 08:00:00,hail,733_701_801_744
2020-07-08 09:00:00,2020-07-08 09:00:00,hail,990_746_1030_811
2020-07-08 09:00:00,2020-07-08 09:00:00,hail,711_695_792_736
2020-07-08 10:00:00,2020-07-08 10:00:00,hail,990_744_1079_796
2020-07-08 10:00:00,2020-07-08 10:00:00,hail,716_689_806_762
2020-07-08 11:00:00,2020-07-08 11:00:00,wind,1027_752_1079_797
2020-07-08 16:00:00,2020-07-08 16:00:00,wind,858_564_906_620
2020-07-08 18:00:00,2020-07-08 18:00:00,wind,1427_725_1503_775
2020-07-08 18:00:00,2020-07-08 18:00:00,wind,1196_522_1237_562
2020-07-08 19:00:00,2020-07-08 19:00:00,wind+hail,1466_728_1634_893
2020-07-08 19:00:00,2020-07-08 19:00:00,wind,1071_585_1294_699
2020-07-08 19:00:00,2020-07-08 19:00:00,wind,1225_524_1266_564
2020-07-08 20:00:00,2020-07-08 20:00:00,wind,1123_246_1172_292
2020-07-08 20:00:00,2020-07-08 20:00:00,wind+hail,1485_720_1638_893
2020-07-08 20:00:00,2020-07-08 20:00:00,wind,1199_524_1285_685
2020-07-08 20:00:00,2020-07-08 20:00:00,wind,1079_520_1134_566
2020-07-08 21:00:00,2020-07-08 21:00:00,wind,1518_765_1649_885
2020-07-08 21:00:00,2020-07-08 21:00:00,torn+wind,1083_626_1136_682
2020-07-08 21:00:00,2020-07-08 21:00:00,wind,1453_668_1511_733
2020-07-08 21:00:00,2020-07-08 21:00:00,wind+hail,1201_596_1283_651
2020-07-08 22:00:00,2020-07-08 22:00:00,wind,1144_632_1304_695
2020-07-08 22:00:00,2020-07-08 22:00:00,wind,1529_808_1665_868
2020-07-08 22:00:00,2020-07-08 22:00:00,wind,1451_631_1505_727
2020-07-08 22:00:00,2020-07-08 22:00:00,wind,710_595_778_652
2020-07-08 22:00:00,2020-07-08 22:00:00,wind,929_806_970_846
2020-07-08 23:00:00,2020-07-08 23:00:00,wind,1275_651_1499_725
2020-07-08 23:00:00,2020-07-08 23:00:00,hail+wind+torn,726_597_853_715
2020-07-08 23:00:00,2020-07-08 23:00:00,wind,1252_483_1295_524
2020-07-08 23:00:00,2020-07-08 23:00:00,wind,1567_799_1629_842
2020-07-09 00:00:00,2020-07-09 00:00:00,wind,1074_595_1183_733
2020-07-09 00:00:00,2020-07-09 00:00:00,hail,683_568_726_608
2020-07-09 01:00:00,2020-07-09 01:00:00,hail+wind,745_330_824_395
2020-07-09 01:00:00,2020-07-09 01:00:00,wind,1085_589_1130_648
2020-07-09 01:00:00,2020-07-09 01:00:00,hail,705_603_771_668
2020-07-09 02:00:00,2020-07-09 02:00:00,wind,1089_584_1138_646
2020-07-09 02:00:00,2020-07-09 02:00:00,wind,1362_616_1408_663
2020-07-09 02:00:00,2020-07-09 02:00:00,hail,730_643_814_690
2020-07-09 02:00:00,2020-07-09 02:00:00,hail+wind,670_572_749_640
2020-07-09 02:00:00,2020-07-09 02:00:00,hail,665_733_705_775
2020-07-09 03:00:00,2020-07-09 03:00:00,hail,665_732_714_775
2020-07-09 03:00:00,2020-07-09 03:00:00,hail,675_563_722_608
2020-07-09 04:00:00,2020-07-09 04:00:00,hail,697_736_745_780
2020-07-09 04:00:00,2020-07-09 04:00:00,wind,771_609_819_650
2020-07-09 05:00:00,2020-07-09 05:00:00,wind,778_602_841_652
2020-07-09 05:00:00,2020-07-09 05:00:00,wind,1133_585_1175_625
2020-07-09 06:00:00,2020-07-09 06:00:00,wind,807_594_856_638
2020-07-09 06:00:00,2020-07-09 06:00:00,hail,713_708_754_749
2020-07-09 15:00:00,2020-07-09 15:00:00,wind,979_420_1020_465
2020-07-09 17:00:00,2020-07-09 17:00:00,wind,1003_662_1059_733
2020-07-09 17:00:00,2020-07-09 17:00:00,wind,1246_520_1294_564
2020-07-09 18:00:00,2020-07-09 18:00:00,wind,1019_664_1078_727
2020-07-09 18:00:00,2020-07-09 18:00:00,wind+hail,1259_552_1301_610
2020-07-09 19:00:00,2020-07-09 19:00:00,wind,1029_643_1082_742
2020-07-09 19:00:00,2020-07-09 19:00:00,wind,1251_567_1298_610
2020-07-09 20:00:00,2020-07-09 20:00:00,wind,1241_581_1294_663
2020-07-09 20:00:00,2020-07-09 20:00:00,wind,1040_641_1091_706
2020-07-09 20:00:00,2020-07-09 20:00:00,hail+wind,1277_388_1333_444
2020-07-09 21:00:00,2020-07-09 21:00:00,wind,1050_649_1125_730
2020-07-09 21:00:00,2020-07-09 21:00:00,wind,1242_611_1283_660
2020-07-09 21:00:00,2020-07-09 21:00:00,wind,1200_689_1241_731
2020-07-09 22:00:00,2020-07-09 22:00:00,hail+wind,1284_347_1325_478
2020-07-09 22:00:00,2020-07-09 22:00:00,wind+hail,1057_606_1407_820
2020-07-09 22:00:00,2020-07-09 22:00:00,hail,724_705_767_750
2020-07-09 22:00:00,2020-07-09 22:00:00,hail,1622_931_1664_972
2020-07-09 23:00:00,2020-07-09 23:00:00,wind,1243_556_1414_690
2020-07-09 23:00:00,2020-07-09 23:00:00,wind,1289_366_1331_408
2020-07-09 23:00:00,2020-07-09 23:00:00,wind,1067_609_1180_719
2020-07-09 23:00:00,2020-07-09 23:00:00,wind+hail,787_364_829_411
2020-07-10 00:00:00,2020-07-10 00:00:00,wind,1386_449_1467_564
2020-07-10 00:00:00,2020-07-10 00:00:00,wind+hail+torn,747_684_799_734
2020-07-10 01:00:00,2020-07-10 01:00:00,hail+wind,764_667_835_727
2020-07-10 01:00:00,2020-07-10 01:00:00,wind,1405_437_1458_493
2020-07-10 02:00:00,2020-07-10 02:00:00,wind,783_668_835_721
2020-07-10 02:00:00,2020-07-10 02:00:00,wind,1425_443_1468_502
2020-07-10 05:00:00,2020-07-10 05:00:00,wind,892_638_941_681
2020-07-10 05:00:00,2020-07-10 05:00:00,wind,848_587_896_641
2020-07-10 06:00:00,2020-07-10 06:00:00,wind,854_586_894_627
2020-07-10 06:00:00,2020-07-10 06:00:00,wind,918_633_959_677
2020-07-10 14:00:00,2020-07-10 14:00:00,wind,850_411_892_467
2020-07-10 15:00:00,2020-07-10 15:00:00,wind,1247_644_1290_707
2020-07-10 15:00:00,2020-07-10 15:00:00,wind,863_397_916_443
2020-07-10 16:00:00,2020-07-10 16:00:00,wind,864_382_923_435
2020-07-10 16:00:00,2020-07-10 16:00:00,wind,1251_548_1333_686
2020-07-10 16:00:00,2020-07-10 16:00:00,wind+hail,789_675_844_727
2020-07-10 17:00:00,2020-07-10 17:00:00,wind,803_666_849_715
2020-07-10 17:00:00,2020-07-10 17:00:00,wind,1265_618_1332_684
2020-07-10 17:00:00,2020-07-10 17:00:00,wind,1272_694_1316_742
2020-07-10 18:00:00,2020-07-10 18:00:00,wind,1282_643_1322_685
2020-07-10 18:00:00,2020-07-10 18:00:00,wind,1276_612_1322_661
2020-07-10 19:00:00,2020-07-10 19:00:00,wind,1282_597_1332_675
2020-07-10 19:00:00,2020-07-10 19:00:00,wind,1284_510_1334_555
2020-07-10 19:00:00,2020-07-10 19:00:00,wind,1302_652_1343_695
2020-07-10 19:00:00,2020-07-10 19:00:00,wind,1331_574_1371_616
2020-07-10 20:00:00,2020-07-10 20:00:00,wind,1278_373_1393_489
2020-07-10 20:00:00,2020-07-10 20:00:00,wind,1294_596_1403_703
2020-07-10 20:00:00,2020-07-10 20:00:00,hail+wind,684_751_757_909
2020-07-10 21:00:00,2020-07-10 21:00:00,wind,1342_524_1422_696
2020-07-10 21:00:00,2020-07-10 21:00:00,wind+hail,690_731_750_787
2020-07-10 22:00:00,2020-07-10 22:00:00,wind+hail,1341_417_1458_769
2020-07-10 22:00:00,2020-07-10 22:00:00,hail+wind,721_718_801_845
2020-07-10 23:00:00,2020-07-10 23:00:00,hail+wind,718_698_782_757
2020-07-10 23:00:00,2020-07-10 23:00:00,wind,1345_390_1449_681
2020-07-10 23:00:00,2020-07-10 23:00:00,hail,733_825_773_866
2020-07-11 00:00:00,2020-07-11 00:00:00,hail+wind+torn,687_388_1000_508
2020-07-11 00:00:00,2020-07-11 00:00:00,hail+wind,988_519_1275_718
2020-07-11 00:00:00,2020-07-11 00:00:00,wind,469_279_513_322
2020-07-11 01:00:00,2020-07-11 01:00:00,wind,1167_510_1292_576
2020-07-11 01:00:00,2020-07-11 01:00:00,wind+hail,1090_595_1156_681
2020-07-11 01:00:00,2020-07-11 01:00:00,hail+wind,801_424_1014_497
2020-07-11 02:00:00,2020-07-11 02:00:00,hail+wind,1107_570_1178_665
2020-07-11 02:00:00,2020-07-11 02:00:00,wind+hail,776_390_1006_491
2020-07-11 02:00:00,2020-07-11 02:00:00,wind,455_305_506_352
2020-07-11 03:00:00,2020-07-11 03:00:00,wind,456_308_497_349
2020-07-11 03:00:00,2020-07-11 03:00:00,wind+hail,1040_536_1204_662
2020-07-11 03:00:00,2020-07-11 03:00:00,wind,926_380_1013_447
2020-07-11 04:00:00,2020-07-11 04:00:00,wind,852_369_1006_451
2020-07-11 04:00:00,2020-07-11 04:00:00,wind+hail,1163_558_1217_602
2020-07-11 04:00:00,2020-07-11 04:00:00,hail+wind,757_441_800_485
2020-07-11 05:00:00,2020-07-11 05:00:00,wind+hail,855_343_980_436
2020-07-11 05:00:00,2020-07-11 05:00:00,wind,1170_535_1245_599
2020-07-11 06:00:00,2020-07-11 06:00:00,wind,887_350_930_391
2020-07-11 07:00:00,2020-07-11 07:00:00,wind,863_398_903_441
2020-07-11 08:00:00,2020-07-11 08:00:00,wind,1173_443_1214_491
2020-07-11 08:00:00,2020-07-11 08:00:00,wind,882_293_945_353
2020-07-11 18:00:00,2020-07-11 18:00:00,hail,910_526_963_582
2020-07-11 18:00:00,2020-07-11 18:00:00,hail+torn+wind,913_701_993_856
2020-07-11 19:00:00,2020-07-11 19:00:00,hail+wind,920_657_1012_831
2020-07-11 19:00:00,2020-07-11 19:00:00,wind,1172_596_1232_650
2020-07-11 19:00:00,2020-07-11 19:00:00,hail,924_522_968_565
2020-07-11 19:00:00,2020-07-11 19:00:00,torn+wind,1587_813_1628_855
2020-07-11 20:00:00,2020-07-11 20:00:00,wind+torn+hail,956_647_1055_765
2020-07-11 20:00:00,2020-07-11 20:00:00,hail,934_496_988_572
2020-07-11 20:00:00,2020-07-11 20:00:00,wind+hail,1187_576_1244_637
2020-07-11 21:00:00,2020-07-11 21:00:00,hail+wind,993_645_1068_750
2020-07-11 21:00:00,2020-07-11 21:00:00,hail+wind,1183_569_1270_617
2020-07-11 21:00:00,2020-07-11 21:00:00,hail,939_484_986_532
2020-07-11 22:00:00,2020-07-11 22:00:00,wind,1222_562_1274_615
2020-07-11 22:00:00,2020-07-11 22:00:00,wind,1463_770_1511_819
2020-07-11 22:00:00,2020-07-11 22:00:00,hail+wind,989_638_1082_733
2020-07-11 22:00:00,2020-07-11 22:00:00,hail+wind,933_463_989_519
2020-07-11 23:00:00,2020-07-11 23:00:00,hail+wind,994_629_1107_716
2020-07-11 23:00:00,2020-07-11 23:00:00,wind,1213_535_1290_598
2020-07-11 23:00:00,2020-07-11 23:00:00,wind+hail,822_433_996_512
2020-07-11 23:00:00,2020-07-11 23:00:00,wind,1523_711_1565_755
2020-07-12 00:00:00,2020-07-12 00:00:00,torn+hail,732_525_779_567
2020-07-12 00:00:00,2020-07-12 00:00:00,hail+wind,766_572_832_621
2020-07-12 01:00:00,2020-07-12 01:00:00,wind+hail,611_516_824_605
2020-07-12 01:00:00,2020-07-12 01:00:00,hail+wind,1181_224_1233_274
2020-07-12 02:00:00,2020-07-12 02:00:00,hail,740_499_827_574
2020-07-12 02:00:00,2020-07-12 02:00:00,wind,1182_217_1225_258
2020-07-12 04:00:00,2020-07-12 04:00:00,wind,781_474_833_526
2020-07-12 05:00:00,2020-07-12 05:00:00,hail,723_825_773_872
2020-07-12 15:00:00,2020-07-12 15:00:00,wind,1169_386_1210_433
2020-07-12 15:00:00,2020-07-12 15:00:00,hail,763_619_834_680
2020-07-12 16:00:00,2020-07-12 16:00:00,hail,771_642_827_733
2020-07-12 16:00:00,2020-07-12 16:00:00,wind+hail,1176_362_1252_433
2020-07-12 17:00:00,2020-07-12 17:00:00,wind,1221_352_1265_395
2020-07-12 18:00:00,2020-07-12 18:00:00,wind,1160_341_1211_383
2020-07-12 18:00:00,2020-07-12 18:00:00,wind,1204_334_1256_383
2020-07-12 18:00:00,2020-07-12 18:00:00,wind,1229_346_1271_387
2020-07-12 19:00:00,2020-07-12 19:00:00,wind,1189_310_1279_379
2020-07-12 20:00:00,2020-07-12 20:00:00,hail,668_526_754_589
2020-07-12 20:00:00,2020-07-12 20:00:00,wind,1221_312_1288_361
2020-07-12 21:00:00,2020-07-12 21:00:00,hail,714_550_767_597
2020-07-12 21:00:00,2020-07-12 21:00:00,wind,1218_290_1312_354
2020-07-12 21:00:00,2020-07-12 21:00:00,wind,1264_558_1412_637
2020-07-12 22:00:00,2020-07-12 22:00:00,wind+hail,1235_490_1321_565
2020-07-12 22:00:00,2020-07-12 22:00:00,wind+hail,707_543_790_611
2020-07-12 22:00:00,2020-07-12 22:00:00,wind,1481_646_1526_692
2020-07-12 23:00:00,2020-07-12 23:00:00,hail+wind+torn,708_528_814_623
2020-07-12 23:00:00,2020-07-12 23:00:00,wind,1294_514_1340_560
2020-07-12 23:00:00,2020-07-12 23:00:00,wind,1149_250_1291_316
2020-07-12 23:00:00,2020-07-12 23:00:00,wind,1461_653_1528_695
2020-07-13 00:00:00,2020-07-13 00:00:00,hail+wind,687_542_810_639
2020-07-13 00:00:00,2020-07-13 00:00:00,wind,1544_735_1588_775
2020-07-13 01:00:00,2020-07-13 01:00:00,wind+hail,745_566_834_649
2020-07-13 01:00:00,2020-07-13 01:00:00,hail,933_807_989_877
2020-07-13 02:00:00,2020-07-13 02:00:00,hail+wind,742_533_848_644
2020-07-13 02:00:00,2020-07-13 02:00:00,wind,955_824_1003_876
2020-07-13 03:00:00,2020-07-13 03:00:00,wind+hail,758_543_855_634
2020-07-13 03:00:00,2020-07-13 03:00:00,wind,974_840_1041_900
2020-07-13 04:00:00,2020-07-13 04:00:00,hail+wind,758_543_831_614
2020-07-13 08:00:00,2020-07-13 08:00:00,wind,841_500_899_550
2020-07-13 19:00:00,2020-07-13 19:00:00,wind+hail,1491_449_1532_490
2020-07-13 19:00:00,2020-07-13 19:00:00,hail+wind,1403_420_1445_461
2020-07-13 20:00:00,2020-07-13 20:00:00,wind,599_600_737_682
2020-07-13 20:00:00,2020-07-13 20:00:00,hail+wind,1469_436_1541_530
2020-07-13 21:00:00,2020-07-13 21:00:00,wind,629_584_702_677
2020-07-13 22:00:00,2020-07-13 22:00:00,wind,585_583_728_658
2020-07-13 22:00:00,2020-07-13 22:00:00,hail+wind,1448_456_1541_530
2020-07-13 23:00:00,2020-07-13 23:00:00,wind+hail,687_543_815_659
2020-07-14 00:00:00,2020-07-14 00:00:00,wind+hail,982_625_1028_671
2020-07-14 01:00:00,2020-07-14 01:00:00,torn,709_497_752_539
2020-07-14 01:00:00,2020-07-14 01:00:00,wind,984_618_1041_670
2020-07-14 01:00:00,2020-07-14 01:00:00,torn+wind,756_421_809_481
2020-07-14 02:00:00,2020-07-14 02:00:00,wind+hail,996_613_1047_660
2020-07-14 02:00:00,2020-07-14 02:00:00,wind,780_430_824_476
2020-07-14 12:00:00,2020-07-14 12:00:00,hail,1001_741_1042_784
2020-07-14 16:00:00,2020-07-14 16:00:00,hail+wind,1555_758_1596_800
2020-07-14 17:00:00,2020-07-14 17:00:00,hail+wind,1562_729_1602_769
2020-07-14 18:00:00,2020-07-14 18:00:00,wind,1592_719_1634_770
2020-07-14 18:00:00,2020-07-14 18:00:00,wind,1513_752_1559_800
2020-07-14 19:00:00,2020-07-14 19:00:00,wind+hail,1578_719_1637_809
2020-07-14 19:00:00,2020-07-14 19:00:00,wind+torn,1140_217_1191_260
2020-07-14 22:00:00,2020-07-14 22:00:00,hail,685_529_729_569
2020-07-15 00:00:00,2020-07-15 00:00:00,wind,1103_497_1153_537
2020-07-15 01:00:00,2020-07-15 01:00:00,wind,1115_493_1158_536
2020-07-15 02:00:00,2020-07-15 02:00:00,wind,1110_199_1150_241
2020-07-15 19:00:00,2020-07-15 19:00:00,wind,1410_99_1498_148
2020-07-15 19:00:00,2020-07-15 19:00:00,wind,1279_376_1321_417
2020-07-15 20:00:00,2020-07-15 20:00:00,wind+hail,1250_297_1372_412
2020-07-15 20:00:00,2020-07-15 20:00:00,wind,1073_523_1119_566
2020-07-15 21:00:00,2020-07-15 21:00:00,wind+torn,1077_521_1144_601
2020-07-15 21:00:00,2020-07-15 21:00:00,wind+hail,1142_280_1396_375
2020-07-15 21:00:00,2020-07-15 21:00:00,hail,686_451_727_491
2020-07-15 22:00:00,2020-07-15 22:00:00,wind+torn,1103_540_1164_596
2020-07-15 23:00:00,2020-07-15 23:00:00,wind,1329_309_1379_365
2020-07-16 00:00:00,2020-07-16 00:00:00,hail,744_590_790_638
2020-07-16 01:00:00,2020-07-16 01:00:00,hail,746_604_786_645
2020-07-16 01:00:00,2020-07-16 01:00:00,wind,1386_594_1428_638
2020-07-16 02:00:00,2020-07-16 02:00:00,wind,971_447_1018_491
2020-07-16 03:00:00,2020-07-16 03:00:00,wind+hail,975_451_1015_491
2020-07-16 19:00:00,2020-07-16 19:00:00,wind,1401_606_1450_670
2020-07-16 19:00:00,2020-07-16 19:00:00,wind,1365_630_1412_677
2020-07-16 20:00:00,2020-07-16 20:00:00,wind,1374_640_1418_684
2020-07-16 20:00:00,2020-07-16 20:00:00,wind,678_471_718_511
2020-07-16 21:00:00,2020-07-16 21:00:00,wind,1385_707_1429_754
2020-07-16 21:00:00,2020-07-16 21:00:00,wind,1369_666_1412_708
2020-07-16 22:00:00,2020-07-16 22:00:00,wind+hail,975_805_1036_860
2020-07-16 22:00:00,2020-07-16 22:00:00,wind,1357_593_1430_740
2020-07-16 23:00:00,2020-07-16 23:00:00,wind,1386_696_1439_738
2020-07-17 00:00:00,2020-07-17 00:00:00,wind,887_821_955_862
2020-07-17 00:00:00,2020-07-17 00:00:00,wind,937_840_986_885
2020-07-17 01:00:00,2020-07-17 01:00:00,wind,935_822_981_862
2020-07-17 01:00:00,2020-07-17 01:00:00,hail+wind,942_824_999_869
2020-07-17 02:00:00,2020-07-17 02:00:00,wind,960_825_1008_866
2020-07-17 02:00:00,2020-07-17 02:00:00,wind+hail,939_804_1000_854
2020-07-17 03:00:00,2020-07-17 03:00:00,hail+wind,942_800_989_843
2020-07-17 03:00:00,2020-07-17 03:00:00,wind,907_778_964_822
2020-07-17 03:00:00,2020-07-17 03:00:00,wind,847_767_890_811
2020-07-17 04:00:00,2020-07-17 04:00:00,wind,823_762_971_825
2020-07-17 05:00:00,2020-07-17 05:00:00,wind,900_770_964_817
2020-07-17 05:00:00,2020-07-17 05:00:00,wind+torn,977_779_1027_821
2020-07-17 06:00:00,2020-07-17 06:00:00,wind,944_742_993_796
2020-07-17 06:00:00,2020-07-17 06:00:00,wind+torn,986_777_1060_831
2020-07-17 06:00:00,2020-07-17 06:00:00,wind+torn,1014_814_1069_870
2020-07-17 07:00:00,2020-07-17 07:00:00,wind,1022_774_1081_834
2020-07-17 07:00:00,2020-07-17 07:00:00,wind+torn,1048_810_1089_851
2020-07-17 08:00:00,2020-07-17 08:00:00,wind,982_741_1033_787
2020-07-17 10:00:00,2020-07-17 10:00:00,wind,1093_789_1136_830
2020-07-17 10:00:00,2020-07-17 10:00:00,wind,1087_752_1128_798
2020-07-17 10:00:00,2020-07-17 10:00:00,wind,990_702_1031_743
2020-07-17 18:00:00,2020-07-17 18:00:00,hail+wind,772_872_861_929
2020-07-17 18:00:00,2020-07-17 18:00:00,wind,1418_518_1462_561
2020-07-17 19:00:00,2020-07-17 19:00:00,hail+wind+torn,784_871_923_937
2020-07-17 19:00:00,2020-07-17 19:00:00,wind,1336_431_1451_552
2020-07-17 20:00:00,2020-07-17 20:00:00,wind,810_874_905_938
2020-07-17 20:00:00,2020-07-17 20:00:00,wind,1391_432_1506_571
2020-07-17 21:00:00,2020-07-17 21:00:00,wind,1328_447_1465_539
2020-07-17 21:00:00,2020-07-17 21:00:00,wind+torn,812_847_935_924
2020-07-17 21:00:00,2020-07-17 21:00:00,wind,1119_488_1161_533
2020-07-17 22:00:00,2020-07-17 22:00:00,hail+wind,793_850_954_920
2020-07-17 22:00:00,2020-07-17 22:00:00,wind,1387_445_1493_531
2020-07-17 23:00:00,2020-07-17 23:00:00,wind+hail,793_815_972_894
2020-07-18 00:00:00,2020-07-18 00:00:00,wind,799_542_857_584
2020-07-18 01:00:00,2020-07-18 01:00:00,wind,821_543_864_585
2020-07-18 02:00:00,2020-07-18 02:00:00,wind,1048_828_1091_869
2020-07-18 03:00:00,2020-07-18 03:00:00,wind,1051_810_1091_852
2020-07-18 04:00:00,2020-07-18 04:00:00,wind,1089_828_1154_872
2020-07-18 04:00:00,2020-07-18 04:00:00,hail+wind,1107_841_1147_881
2020-07-18 05:00:00,2020-07-18 05:00:00,wind,1064_784_1124_835
2020-07-18 05:00:00,2020-07-18 05:00:00,torn+wind,1045_739_1086_779
2020-07-18 08:00:00,2020-07-18 08:00:00,wind,1085_722_1126_762
2020-07-18 09:00:00,2020-07-18 09:00:00,wind,1090_712_1135_754
2020-07-18 09:00:00,2020-07-18 09:00:00,wind,1218_797_1259_838
2020-07-18 18:00:00,2020-07-18 18:00:00,wind,1348_445_1389_485
2020-07-18 18:00:00,2020-07-18 18:00:00,wind,1394_505_1435_548
2020-07-18 19:00:00,2020-07-18 19:00:00,wind,1448_468_1490_509
2020-07-18 20:00:00,2020-07-18 20:00:00,wind,1344_417_1434_495
2020-07-18 20:00:00,2020-07-18 20:00:00,wind,1207_786_1259_828
2020-07-18 20:00:00,2020-07-18 20:00:00,wind,1268_361_1318_403
2020-07-18 21:00:00,2020-07-18 21:00:00,wind,1207_787_1259_829
2020-07-18 21:00:00,2020-07-18 21:00:00,hail+wind,1273_361_1322_410
2020-07-18 21:00:00,2020-07-18 21:00:00,wind,1331_393_1429_487
2020-07-18 22:00:00,2020-07-18 22:00:00,wind,1386_429_1435_486
2020-07-18 22:00:00,2020-07-18 22:00:00,hail+wind,991_759_1031_802
2020-07-18 23:00:00,2020-07-18 23:00:00,hail,992_760_1049_806
2020-07-18 23:00:00,2020-07-18 23:00:00,wind,767_511_839_584
2020-07-18 23:00:00,2020-07-18 23:00:00,hail,968_820_1010_860
2020-07-19 00:00:00,2020-07-19 00:00:00,hail+wind+torn,711_591_821_682
2020-07-19 00:00:00,2020-07-19 00:00:00,hail+wind,678_699_742_789
2020-07-19 00:00:00,2020-07-19 00:00:00,wind,1397_662_1566_755
2020-07-19 00:00:00,2020-07-19 00:00:00,wind+hail,1063_505_1236_592
2020-07-19 01:00:00,2020-07-19 01:00:00,hail,752_616_824_667
2020-07-19 01:00:00,2020-07-19 01:00:00,hail,693_751_744_797
2020-07-19 02:00:00,2020-07-19 02:00:00,hail,689_670_729_711
2020-07-19 03:00:00,2020-07-19 03:00:00,hail,689_664_734_710
2020-07-19 12:00:00,2020-07-19 12:00:00,wind,1251_751_1292_796
2020-07-19 12:00:00,2020-07-19 12:00:00,wind,1230_724_1273_767
2020-07-19 13:00:00,2020-07-19 13:00:00,wind,1046_602_1105_652
2020-07-19 13:00:00,2020-07-19 13:00:00,wind,1227_711_1285_765
2020-07-19 14:00:00,2020-07-19 14:00:00,wind,1073_611_1127_661
2020-07-19 14:00:00,2020-07-19 14:00:00,wind,1258_704_1304_746
2020-07-19 15:00:00,2020-07-19 15:00:00,wind,1106_609_1176_672
2020-07-19 15:00:00,2020-07-19 15:00:00,wind,1232_749_1274_795
2020-07-19 15:00:00,2020-07-19 15:00:00,wind,1200_646_1255_713
2020-07-19 16:00:00,2020-07-19 16:00:00,wind,1132_628_1193_691
2020-07-19 17:00:00,2020-07-19 17:00:00,wind,1166_616_1211_659
2020-07-19 17:00:00,2020-07-19 17:00:00,wind,1184_608_1243_660
2020-07-19 17:00:00,2020-07-19 17:00:00,wind,1261_675_1302_717
2020-07-19 18:00:00,2020-07-19 18:00:00,wind,1375_692_1450_764
2020-07-19 18:00:00,2020-07-19 18:00:00,wind,1264_675_1319_727
2020-07-19 18:00:00,2020-07-19 18:00:00,wind,1215_620_1267_673
2020-07-19 19:00:00,2020-07-19 19:00:00,wind,1202_580_1304_691
2020-07-19 19:00:00,2020-07-19 19:00:00,wind,1414_712_1469_775
2020-07-19 20:00:00,2020-07-19 20:00:00,wind,1321_476_1413_543
2020-07-19 20:00:00,2020-07-19 20:00:00,wind,1198_555_1486_779
2020-07-19 21:00:00,2020-07-19 21:00:00,wind,1239_555_1519_768
2020-07-19 22:00:00,2020-07-19 22:00:00,wind,1033_516_1527_852
2020-07-19 22:00:00,2020-07-19 22:00:00,wind,819_434_860_475
2020-07-19 22:00:00,2020-07-19 22:00:00,wind,1389_475_1439_534
2020-07-19 22:00:00,2020-07-19 22:00:00,wind,1264_375_1324_417
2020-07-19 23:00:00,2020-07-19 23:00:00,wind,1351_646_1548_780
2020-07-19 23:00:00,2020-07-19 23:00:00,wind,1084_520_1236_592
2020-07-19 23:00:00,2020-07-19 23:00:00,wind,730_446_771_488
2020-07-19 23:00:00,2020-07-19 23:00:00,hail+wind,709_593_771_678
2020-07-19 23:00:00,2020-07-19 23:00:00,hail,668_712_733_775
2020-07-20 00:00:00,2020-07-20 00:00:00,wind+torn+hail,672_592_827_658
2020-07-20 00:00:00,2020-07-20 00:00:00,wind+hail,898_719_939_759
2020-07-20 01:00:00,2020-07-20 01:00:00,hail+wind,683_573_823_684
2020-07-20 01:00:00,2020-07-20 01:00:00,wind,1234_429_1319_487
2020-07-20 02:00:00,2020-07-20 02:00:00,wind+hail,759_560_825_615
2020-07-20 03:00:00,2020-07-20 03:00:00,wind+hail,755_543_798_597
2020-07-20 03:00:00,2020-07-20 03:00:00,wind,747_453_792_502
2020-07-20 17:00:00,2020-07-20 17:00:00,wind,745_749_786_789
2020-07-20 17:00:00,2020-07-20 17:00:00,wind+hail,760_754_802_795
2020-07-20 18:00:00,2020-07-20 18:00:00,wind+hail,781_738_822_781
2020-07-20 19:00:00,2020-07-20 19:00:00,wind,1219_519_1330_563
2020-07-20 20:00:00,2020-07-20 20:00:00,wind,1264_519_1334_570
2020-07-20 20:00:00,2020-07-20 20:00:00,wind,1359_432_1402_473
2020-07-20 20:00:00,2020-07-20 20:00:00,hail,725_708_767_757
2020-07-20 21:00:00,2020-07-20 21:00:00,hail+wind,700_543_818_761
2020-07-20 21:00:00,2020-07-20 21:00:00,wind,1078_350_1500_626
2020-07-20 22:00:00,2020-07-20 22:00:00,hail,670_604_822_681
2020-07-20 22:00:00,2020-07-20 22:00:00,hail+wind,752_692_823_738
2020-07-20 22:00:00,2020-07-20 22:00:00,wind,1364_574_1507_624
2020-07-20 23:00:00,2020-07-20 23:00:00,hail+wind,675_524_828_727
2020-07-20 23:00:00,2020-07-20 23:00:00,wind+hail,1209_445_1508_518
2020-07-21 00:00:00,2020-07-21 00:00:00,wind,1212_417_1439_522
2020-07-21 00:00:00,2020-07-21 00:00:00,wind,1172_563_1224_612
2020-07-21 01:00:00,2020-07-21 01:00:00,wind,1215_444_1304_501
2020-07-21 01:00:00,2020-07-21 01:00:00,hail+wind,674_614_748_668
2020-07-21 01:00:00,2020-07-21 01:00:00,torn,1035_751_1087_794
2020-07-21 01:00:00,2020-07-21 01:00:00,wind,1494_588_1538_633
2020-07-21 02:00:00,2020-07-21 02:00:00,wind,1394_491_1540_648
2020-07-21 03:00:00,2020-07-21 03:00:00,wind+hail,1281_482_1438_551
2020-07-21 17:00:00,2020-07-21 17:00:00,wind,1163_588_1212_640
2020-07-21 17:00:00,2020-07-21 17:00:00,wind,1390_516_1456_612
2020-07-21 18:00:00,2020-07-21 18:00:00,wind,1142_587_1240_648
2020-07-21 18:00:00,2020-07-21 18:00:00,wind,1403_625_1446_667
2020-07-21 19:00:00,2020-07-21 19:00:00,wind,1277_346_1377_468
2020-07-21 19:00:00,2020-07-21 19:00:00,wind,1403_625_1444_666
2020-07-21 19:00:00,2020-07-21 19:00:00,wind+hail,1070_526_1121_597
2020-07-21 19:00:00,2020-07-21 19:00:00,wind,1199_605_1257_655
2020-07-21 19:00:00,2020-07-21 19:00:00,wind,1412_559_1457_601
2020-07-21 20:00:00,2020-07-21 20:00:00,wind+hail,1137_358_1388_462
2020-07-21 20:00:00,2020-07-21 20:00:00,wind,1405_517_1467_648
2020-07-21 20:00:00,2020-07-21 20:00:00,wind+hail,1080_546_1282_650
2020-07-21 20:00:00,2020-07-21 20:00:00,wind,1118_492_1158_533
2020-07-21 21:00:00,2020-07-21 21:00:00,hail+wind,1165_368_1422_507
2020-07-21 21:00:00,2020-07-21 21:00:00,wind+torn,1100_556_1293_637
2020-07-21 21:00:00,2020-07-21 21:00:00,wind,1420_593_1481_664
2020-07-21 21:00:00,2020-07-21 21:00:00,hail,662_531_706_655
2020-07-21 22:00:00,2020-07-21 22:00:00,wind+hail,1174_369_1523_663
2020-07-21 22:00:00,2020-07-21 22:00:00,wind,1120_562_1181_609
2020-07-21 22:00:00,2020-07-21 22:00:00,wind,1314_231_1368_284
2020-07-21 23:00:00,2020-07-21 23:00:00,wind,1302_229_1357_283
2020-07-21 23:00:00,2020-07-21 23:00:00,wind+hail,1080_376_1509_666
2020-07-22 00:00:00,2020-07-22 00:00:00,wind,1535_630_1577_673
2020-07-22 00:00:00,2020-07-22 00:00:00,wind,1255_357_1300_407
2020-07-22 00:00:00,2020-07-22 00:00:00,wind,1376_507_1424_577
2020-07-22 01:00:00,2020-07-22 01:00:00,wind,285_635_326_676
2020-07-22 01:00:00,2020-07-22 01:00:00,wind,1373_518_1431_581
2020-07-22 17:00:00,2020-07-22 17:00:00,wind,1405_548_1471_634
2020-07-22 18:00:00,2020-07-22 18:00:00,wind+hail,1492_673_1534_718
2020-07-22 20:00:00,2020-07-22 20:00:00,wind,1475_591_1564_750
2020-07-22 20:00:00,2020-07-22 20:00:00,wind,1297_236_1354_283
2020-07-22 20:00:00,2020-07-22 20:00:00,wind,1425_523_1467_563
2020-07-22 21:00:00,2020-07-22 21:00:00,wind,1433_531_1561_764
2020-07-22 21:00:00,2020-07-22 21:00:00,wind,1277_220_1345_288
2020-07-22 21:00:00,2020-07-22 21:00:00,wind,1317_419_1408_585
2020-07-22 22:00:00,2020-07-22 22:00:00,wind,1258_224_1322_295
2020-07-22 22:00:00,2020-07-22 22:00:00,wind,1502_592_1593_783
2020-07-22 22:00:00,2020-07-22 22:00:00,wind,1339_542_1381_589
2020-07-22 22:00:00,2020-07-22 22:00:00,wind,1290_377_1331_420
2020-07-22 23:00:00,2020-07-22 23:00:00,wind,1524_625_1607_787
2020-07-22 23:00:00,2020-07-22 23:00:00,wind+hail,172_612_351_727
2020-07-22 23:00:00,2020-07-22 23:00:00,wind,1244_243_1285_283
2020-07-23 00:00:00,2020-07-23 00:00:00,wind,1532_660_1577_703
2020-07-23 00:00:00,2020-07-23 00:00:00,wind,423_719_470_774
2020-07-23 01:00:00,2020-07-23 01:00:00,wind,1459_577_1510_631
2020-07-23 01:00:00,2020-07-23 01:00:00,wind,704_899_745_939
2020-07-23 01:00:00,2020-07-23 01:00:00,wind,1557_765_1598_805
2020-07-23 02:00:00,2020-07-23 02:00:00,wind,1485_624_1536_668
2020-07-23 18:00:00,2020-07-23 18:00:00,wind,1450_710_1500_761
2020-07-23 18:00:00,2020-07-23 18:00:00,wind,1355_450_1395_491
2020-07-23 19:00:00,2020-07-23 19:00:00,wind,1567_723_1639_815
2020-07-23 19:00:00,2020-07-23 19:00:00,wind,1462_709_1509_759
2020-07-23 19:00:00,2020-07-23 19:00:00,wind,1290_469_1371_509
2020-07-23 20:00:00,2020-07-23 20:00:00,wind,1446_698_1635_798
2020-07-23 20:00:00,2020-07-23 20:00:00,wind,1307_447_1503_520
2020-07-23 21:00:00,2020-07-23 21:00:00,wind,1221_446_1554_599
2020-07-23 21:00:00,2020-07-23 21:00:00,wind+hail,1570_739_1639_821
2020-07-23 21:00:00,2020-07-23 21:00:00,wind,524_778_761_874
2020-07-23 22:00:00,2020-07-23 22:00:00,wind+hail,555_770_774_859
2020-07-23 22:00:00,2020-07-23 22:00:00,wind+hail,1525_724_1620_820
2020-07-23 22:00:00,2020-07-23 22:00:00,wind,1428_541_1473_587
2020-07-23 23:00:00,2020-07-23 23:00:00,wind+hail,335_631_778_900
2020-07-23 23:00:00,2020-07-23 23:00:00,wind,1527_723_1592_764
2020-07-23 23:00:00,2020-07-23 23:00:00,wind,1458_440_1498_481
2020-07-24 00:00:00,2020-07-24 00:00:00,wind,1430_512_1474_553
2020-07-24 01:00:00,2020-07-24 01:00:00,wind,661_324_702_369
2020-07-24 03:00:00,2020-07-24 03:00:00,wind,845_693_890_736
2020-07-24 03:00:00,2020-07-24 03:00:00,wind,887_858_937_911
2020-07-24 04:00:00,2020-07-24 04:00:00,wind,904_877_951_925
2020-07-24 07:00:00,2020-07-24 07:00:00,wind+torn,908_804_958_863
2020-07-24 08:00:00,2020-07-24 08:00:00,wind,924_806_966_847
2020-07-24 18:00:00,2020-07-24 18:00:00,wind,1342_411_1383_451
2020-07-24 18:00:00,2020-07-24 18:00:00,wind,1248_491_1292_532
2020-07-24 20:00:00,2020-07-24 20:00:00,wind,1444_567_1486_608
2020-07-24 20:00:00,2020-07-24 20:00:00,wind,1280_452_1335_509
2020-07-24 20:00:00,2020-07-24 20:00:00,wind,1373_393_1440_472
2020-07-24 21:00:00,2020-07-24 21:00:00,wind,1278_412_1345_526
2020-07-24 22:00:00,2020-07-24 22:00:00,wind,1279_425_1515_650
2020-07-24 23:00:00,2020-07-24 23:00:00,wind,1330_448_1478_536
2020-07-25 00:00:00,2020-07-25 00:00:00,wind,790_784_847_825
2020-07-25 00:00:00,2020-07-25 00:00:00,wind,803_643_848_683
2020-07-25 01:00:00,2020-07-25 01:00:00,wind,807_798_857_842
2020-07-25 01:00:00,2020-07-25 01:00:00,wind,788_606_828_648
2020-07-25 07:00:00,2020-07-25 07:00:00,wind,888_747_935_788
2020-07-25 08:00:00,2020-07-25 08:00:00,torn+wind,880_38_922_80
2020-07-25 18:00:00,2020-07-25 18:00:00,wind+hail,1291_365_1335_414
2020-07-25 18:00:00,2020-07-25 18:00:00,wind,1333_413_1374_456
2020-07-25 20:00:00,2020-07-25 20:00:00,wind,1279_337_1325_388
2020-07-25 20:00:00,2020-07-25 20:00:00,hail,1276_373_1317_413
2020-07-25 21:00:00,2020-07-25 21:00:00,hail+wind,1262_319_1405_508
2020-07-25 21:00:00,2020-07-25 21:00:00,hail,847_892_890_933
2020-07-25 21:00:00,2020-07-25 21:00:00,hail+wind,746_789_796_832
2020-07-25 22:00:00,2020-07-25 22:00:00,wind+hail,1245_313_1418_470
2020-07-25 22:00:00,2020-07-25 22:00:00,wind,766_788_818_832
2020-07-25 23:00:00,2020-07-25 23:00:00,wind,1211_312_1280_356
2020-07-25 23:00:00,2020-07-25 23:00:00,wind,780_539_821_581
2020-07-25 23:00:00,2020-07-25 23:00:00,torn,966_736_1007_777
2020-07-25 23:00:00,2020-07-25 23:00:00,wind,790_784_831_836
2020-07-26 23:00:00,2020-07-26 23:00:00,wind,742_524_821_581
2020-07-27 00:00:00,2020-07-27 00:00:00,wind,457_625_508_681
2020-07-27 00:00:00,2020-07-27 00:00:00,wind,1307_544_1413_640
2020-07-27 01:00:00,2020-07-27 01:00:00,wind,1491_720_1532_767
2020-07-27 01:00:00,2020-07-27 01:00:00,wind,1379_597_1420_638
2020-07-27 19:00:00,2020-07-27 19:00:00,wind,1454_744_1496_786
2020-07-27 19:00:00,2020-07-27 19:00:00,wind,1195_573_1239_617
2020-07-27 20:00:00,2020-07-27 20:00:00,wind,1197_562_1262_627
2020-07-27 20:00:00,2020-07-27 20:00:00,wind,1175_500_1215_541
2020-07-27 21:00:00,2020-07-27 21:00:00,wind,1358_646_1400_695
2020-07-27 21:00:00,2020-07-27 21:00:00,wind,1264_556_1337_636
2020-07-27 22:00:00,2020-07-27 22:00:00,wind,1293_381_1390_432
2020-07-27 22:00:00,2020-07-27 22:00:00,wind,1254_563_1361_651
2020-07-27 22:00:00,2020-07-27 22:00:00,wind,1608_857_1652_900
2020-07-27 23:00:00,2020-07-27 23:00:00,wind,1308_512_1382_640
2020-07-27 23:00:00,2020-07-27 23:00:00,wind,1608_856_1657_897
2020-07-27 23:00:00,2020-07-27 23:00:00,wind,1304_385_1345_427
2020-07-28 00:00:00,2020-07-28 00:00:00,wind,1486_542_1560_622
2020-07-28 01:00:00,2020-07-28 01:00:00,wind,895_668_936_708
2020-07-28 19:00:00,2020-07-28 19:00:00,wind,1414_485_1457_531
2020-07-28 19:00:00,2020-07-28 19:00:00,wind,1422_521_1466_563
2020-07-28 20:00:00,2020-07-28 20:00:00,wind,1405_437_1506_607
2020-07-28 21:00:00,2020-07-28 21:00:00,wind,1440_440_1512_609
2020-07-28 21:00:00,2020-07-28 21:00:00,hail,1130_718_1172_759
2020-07-28 22:00:00,2020-07-28 22:00:00,wind,1444_488_1548_612
2020-07-28 22:00:00,2020-07-28 22:00:00,wind,1100_723_1159_765
2020-07-28 23:00:00,2020-07-28 23:00:00,wind,1457_552_1518_597
2020-07-29 00:00:00,2020-07-29 00:00:00,wind,786_472_842_528
2020-07-29 01:00:00,2020-07-29 01:00:00,wind,878_482_923_525
2020-07-29 03:00:00,2020-07-29 03:00:00,wind,843_443_918_519
2020-07-29 03:00:00,2020-07-29 03:00:00,wind,1556_740_1598_781
2020-07-29 04:00:00,2020-07-29 04:00:00,wind,748_493_795_535
2020-07-29 05:00:00,2020-07-29 05:00:00,wind,748_493_795_535
2020-07-29 05:00:00,2020-07-29 05:00:00,wind,817_544_867_596
2020-07-29 09:00:00,2020-07-29 09:00:00,wind,868_431_908_472
2020-07-29 18:00:00,2020-07-29 18:00:00,wind,1377_698_1437_750
2020-07-29 19:00:00,2020-07-29 19:00:00,wind,1401_714_1441_755
2020-07-29 19:00:00,2020-07-29 19:00:00,wind,1408_716_1450_758
2020-07-29 20:00:00,2020-07-29 20:00:00,wind,1426_729_1468_772
2020-07-29 20:00:00,2020-07-29 20:00:00,wind,1415_741_1456_781
2020-07-29 20:00:00,2020-07-29 20:00:00,wind,1437_734_1477_775
2020-07-29 21:00:00,2020-07-29 21:00:00,wind,1394_733_1438_773
2020-07-29 22:00:00,2020-07-29 22:00:00,wind,556_550_603_596
2020-07-29 22:00:00,2020-07-29 22:00:00,wind+torn,1398_733_1452_775
2020-07-29 23:00:00,2020-07-29 23:00:00,wind,777_486_825_540
2020-07-30 00:00:00,2020-07-30 00:00:00,hail+wind,900_351_949_411
2020-07-30 00:00:00,2020-07-30 00:00:00,wind,1467_591_1513_647
2020-07-30 01:00:00,2020-07-30 01:00:00,wind,902_343_1001_428
2020-07-30 01:00:00,2020-07-30 01:00:00,wind,1478_609_1534_660
2020-07-30 02:00:00,2020-07-30 02:00:00,wind+hail,848_332_1010_429
2020-07-30 02:00:00,2020-07-30 02:00:00,hail,656_513_698_557
2020-07-30 03:00:00,2020-07-30 03:00:00,wind,1490_631_1559_706
2020-07-30 03:00:00,2020-07-30 03:00:00,wind,908_333_1017_385
2020-07-30 04:00:00,2020-07-30 04:00:00,wind,1517_662_1565_706
2020-07-30 04:00:00,2020-07-30 04:00:00,wind,1529_662_1570_704
2020-07-30 05:00:00,2020-07-30 05:00:00,wind,1530_663_1570_704
2020-07-30 20:00:00,2020-07-30 20:00:00,wind,1537_693_1626_861
2020-07-30 21:00:00,2020-07-30 21:00:00,wind+hail,1459_701_1638_865
2020-07-30 21:00:00,2020-07-30 21:00:00,wind,1425_570_1504_612
2020-07-30 21:00:00,2020-07-30 21:00:00,wind,819_346_864_390
2020-07-30 22:00:00,2020-07-30 22:00:00,wind,1588_759_1638_803
2020-07-30 22:00:00,2020-07-30 22:00:00,wind+hail,811_342_905_406
2020-07-30 22:00:00,2020-07-30 22:00:00,wind,1458_565_1506_606
2020-07-30 23:00:00,2020-07-30 23:00:00,wind+hail,806_312_968_418
2020-07-30 23:00:00,2020-07-30 23:00:00,wind,1455_567_1510_633
2020-07-31 00:00:00,2020-07-31 00:00:00,hail+wind,601_394_690_476
2020-07-31 00:00:00,2020-07-31 00:00:00,wind,783_711_882_810
2020-07-31 00:00:00,2020-07-31 00:00:00,wind,1335_449_1402_508
2020-07-31 00:00:00,2020-07-31 00:00:00,wind,1131_280_1171_323
2020-07-31 01:00:00,2020-07-31 01:00:00,hail+wind,599_329_668_423
2020-07-31 01:00:00,2020-07-31 01:00:00,wind,1363_449_1416_497
2020-07-31 19:00:00,2020-07-31 19:00:00,wind+hail,1068_304_1281_480
2020-07-31 19:00:00,2020-07-31 19:00:00,wind,743_817_789_862
2020-07-31 20:00:00,2020-07-31 20:00:00,wind,1081_308_1302_495
2020-07-31 20:00:00,2020-07-31 20:00:00,hail,642_410_686_451
2020-07-31 20:00:00,2020-07-31 20:00:00,wind,756_788_801_844
2020-07-31 21:00:00,2020-07-31 21:00:00,wind+hail,721_776_818_818
2020-07-31 21:00:00,2020-07-31 21:00:00,wind,1032_254_1170_371
2020-07-31 21:00:00,2020-07-31 21:00:00,wind,1266_450_1326_500
2020-07-31 22:00:00,2020-07-31 22:00:00,wind,1134_331_1178_374
2020-07-31 22:00:00,2020-07-31 22:00:00,wind,1293_443_1343_510
2020-07-31 22:00:00,2020-07-31 22:00:00,wind,790_770_833_824
2020-07-31 23:00:00,2020-07-31 23:00:00,wind+hail,802_729_918_836
2020-07-31 23:00:00,2020-07-31 23:00:00,wind,1311_443_1381_504
2020-08-01 00:00:00,2020-08-01 00:00:00,wind,1366_584_1472_650
2020-08-01 00:00:00,2020-08-01 00:00:00,wind,817_383_891_474
2020-08-01 00:00:00,2020-08-01 00:00:00,hail,653_602_696_644
2020-08-01 01:00:00,2020-08-01 01:00:00,wind,1368_586_1472_652
2020-08-01 10:00:00,2020-08-01 10:00:00,wind,1486_654_1526_695
2020-08-01 20:00:00,2020-08-01 20:00:00,wind,1454_459_1559_528
2020-08-01 21:00:00,2020-08-01 21:00:00,wind,783_510_833_574
2020-08-01 23:00:00,2020-08-01 23:00:00,wind,1334_525_1435_607
2020-08-01 23:00:00,2020-08-01 23:00:00,hail+wind,477_344_518_385
2020-08-02 00:00:00,2020-08-02 00:00:00,wind,1546_731_1588_775
2020-08-02 01:00:00,2020-08-02 01:00:00,hail+wind,455_277_507_325
2020-08-02 01:00:00,2020-08-02 01:00:00,wind,854_109_938_190
2020-08-02 02:00:00,2020-08-02 02:00:00,wind+hail,702_541_743_584
2020-08-02 03:00:00,2020-08-02 03:00:00,wind,1420_485_1467_548
2020-08-02 06:00:00,2020-08-02 06:00:00,wind,1477_577_1519_622
2020-08-02 19:00:00,2020-08-02 19:00:00,wind,1119_198_1182_305
2020-08-02 19:00:00,2020-08-02 19:00:00,wind,866_191_907_232
2020-08-02 19:00:00,2020-08-02 19:00:00,wind,1562_724_1606_770
2020-08-02 19:00:00,2020-08-02 19:00:00,wind,1367_449_1410_497
2020-08-02 20:00:00,2020-08-02 20:00:00,hail+wind,1143_265_1189_307
2020-08-02 20:00:00,2020-08-02 20:00:00,wind+hail,919_198_973_251
2020-08-02 21:00:00,2020-08-02 21:00:00,wind+torn,1535_720_1575_760
2020-08-02 22:00:00,2020-08-02 22:00:00,torn+wind,1538_723_1585_771
2020-08-02 22:00:00,2020-08-02 22:00:00,wind,590_327_824_398
2020-08-02 23:00:00,2020-08-02 23:00:00,torn+wind,1546_731_1588_775
2020-08-03 00:00:00,2020-08-03 00:00:00,torn,1448_384_1516_454
2020-08-03 00:00:00,2020-08-03 00:00:00,wind,1513_646_1584_712
2020-08-03 01:00:00,2020-08-03 01:00:00,wind,1521_676_1590_729
2020-08-03 03:00:00,2020-08-03 03:00:00,wind,592_797_634_839
2020-08-03 05:00:00,2020-08-03 05:00:00,torn,1492_482_1533_525
2020-08-03 09:00:00,2020-08-03 09:00:00,torn,1491_548_1534_595
2020-08-03 11:00:00,2020-08-03 11:00:00,wind+torn,1506_578_1546_618
2020-08-03 11:00:00,2020-08-03 11:00:00,torn,1481_583_1522_623
2020-08-03 11:00:00,2020-08-03 11:00:00,torn+wind,1520_582_1560_622
2020-08-03 15:00:00,2020-08-03 15:00:00,hail+wind,1245_376_1285_416
2020-08-03 16:00:00,2020-08-03 16:00:00,hail+wind,1243_355_1283_396
2020-08-03 17:00:00,2020-08-03 17:00:00,wind,1398_489_1446_532
2020-08-03 17:00:00,2020-08-03 17:00:00,wind,1454_565_1495_608
2020-08-03 19:00:00,2020-08-03 19:00:00,wind,1289_340_1346_426
2020-08-03 19:00:00,2020-08-03 19:00:00,wind,1455_560_1519_620
2020-08-03 20:00:00,2020-08-03 20:00:00,wind,1310_367_1351_409
2020-08-03 20:00:00,2020-08-03 20:00:00,wind,1441_561_1514_630
2020-08-03 20:00:00,2020-08-03 20:00:00,wind,1273_313_1313_354
2020-08-03 22:00:00,2020-08-03 22:00:00,wind,1331_368_1382_414
2020-08-03 22:00:00,2020-08-03 22:00:00,wind,1246_501_1291_545
2020-08-03 23:00:00,2020-08-03 23:00:00,wind,1510_633_1575_690
2020-08-03 23:00:00,2020-08-03 23:00:00,wind,1416_736_1460_780
2020-08-03 23:00:00,2020-08-03 23:00:00,torn,1477_401_1518_441
2020-08-04 00:00:00,2020-08-04 00:00:00,hail,667_476_766_618
2020-08-04 00:00:00,2020-08-04 00:00:00,hail+wind,819_676_862_719
2020-08-04 00:00:00,2020-08-04 00:00:00,torn+hail,743_881_787_924
2020-08-04 01:00:00,2020-08-04 01:00:00,hail+wind+torn,694_493_779_568
2020-08-04 01:00:00,2020-08-04 01:00:00,wind,1388_720_1455_779
2020-08-04 20:00:00,2020-08-04 20:00:00,wind+hail,1358_299_1398_339
2020-08-04 22:00:00,2020-08-04 22:00:00,hail,675_584_721_634
2020-08-04 23:00:00,2020-08-04 23:00:00,hail+torn,675_585_854_736
2020-08-04 23:00:00,2020-08-04 23:00:00,hail,1383_247_1425_289
2020-08-05 00:00:00,2020-08-05 00:00:00,wind+hail,725_564_782_617
2020-08-05 00:00:00,2020-08-05 00:00:00,hail,219_735_259_776
2020-08-05 01:00:00,2020-08-05 01:00:00,wind,1392_475_1445_526
2020-08-05 01:00:00,2020-08-05 01:00:00,hail+wind,745_568_793_612
2020-08-05 01:00:00,2020-08-05 01:00:00,hail,662_506_703_571
2020-08-05 02:00:00,2020-08-05 02:00:00,wind,764_559_825_611
2020-08-05 06:00:00,2020-08-05 06:00:00,hail,854_587_899_627
2020-08-05 08:00:00,2020-08-05 08:00:00,wind,1473_597_1514_638
2020-08-05 10:00:00,2020-08-05 10:00:00,wind,1489_589_1544_652
2020-08-05 11:00:00,2020-08-05 11:00:00,wind,1506_596_1548_639
2020-08-05 22:00:00,2020-08-05 22:00:00,wind,1348_362_1389_404
2020-08-05 23:00:00,2020-08-05 23:00:00,hail+wind,674_576_757_688
2020-08-06 00:00:00,2020-08-06 00:00:00,wind,632_740_674_787
2020-08-06 01:00:00,2020-08-06 01:00:00,wind+hail,688_710_751_802
2020-08-06 01:00:00,2020-08-06 01:00:00,wind,525_864_568_909
2020-08-06 02:00:00,2020-08-06 02:00:00,wind,717_753_778_818
2020-08-06 02:00:00,2020-08-06 02:00:00,wind,553_877_690_924
2020-08-06 02:00:00,2020-08-06 02:00:00,wind,1322_448_1396_545
2020-08-06 19:00:00,2020-08-06 19:00:00,wind,1246_383_1291_427
2020-08-06 19:00:00,2020-08-06 19:00:00,wind+hail,1363_506_1405_552
2020-08-06 19:00:00,2020-08-06 19:00:00,wind,1451_469_1491_510
2020-08-06 20:00:00,2020-08-06 20:00:00,wind+hail,1357_501_1410_564
2020-08-06 20:00:00,2020-08-06 20:00:00,wind,1384_325_1427_370
2020-08-06 21:00:00,2020-08-06 21:00:00,wind,1273_237_1429_418
2020-08-06 21:00:00,2020-08-06 21:00:00,wind,1371_525_1412_572
2020-08-06 21:00:00,2020-08-06 21:00:00,hail+wind,687_561_728_602
2020-08-06 22:00:00,2020-08-06 22:00:00,wind,1276_377_1319_419
2020-08-06 22:00:00,2020-08-06 22:00:00,hail+wind,658_532_751_790
2020-08-06 23:00:00,2020-08-06 23:00:00,wind+hail,593_593_751_838
2020-08-07 00:00:00,2020-08-07 00:00:00,wind+torn+hail,940_824_995_885
2020-08-07 00:00:00,2020-08-07 00:00:00,wind,1271_373_1347_414
2020-08-07 00:00:00,2020-08-07 00:00:00,hail,775_822_819_862
2020-08-07 00:00:00,2020-08-07 00:00:00,wind,1408_539_1568_657
2020-08-07 01:00:00,2020-08-07 01:00:00,torn+hail+wind,946_823_991_865
2020-08-07 01:00:00,2020-08-07 01:00:00,hail,774_806_823_852
2020-08-07 02:00:00,2020-08-07 02:00:00,hail,946_823_991_867
2020-08-07 06:00:00,2020-08-07 06:00:00,wind,995_806_1041_847
2020-08-07 10:00:00,2020-08-07 10:00:00,wind,765_769_809_825
2020-08-07 18:00:00,2020-08-07 18:00:00,wind+hail,1445_607_1486_648
2020-08-07 21:00:00,2020-08-07 21:00:00,wind,1417_553_1459_594
2020-08-07 21:00:00,2020-08-07 21:00:00,hail,914_831_959_872
2020-08-07 22:00:00,2020-08-07 22:00:00,wind+hail,923_831_978_875
2020-08-07 22:00:00,2020-08-07 22:00:00,wind,1477_614_1519_654
2020-08-07 22:00:00,2020-08-07 22:00:00,hail,713_723_753_765
2020-08-07 23:00:00,2020-08-07 23:00:00,wind,1414_549_1557_675
2020-08-07 23:00:00,2020-08-07 23:00:00,hail,770_837_810_878
2020-08-07 23:00:00,2020-08-07 23:00:00,wind,942_835_986_887
2020-08-08 00:00:00,2020-08-08 00:00:00,hail+wind+torn,712_641_784_761
2020-08-08 00:00:00,2020-08-08 00:00:00,hail,755_511_796_551
2020-08-08 01:00:00,2020-08-08 01:00:00,wind+hail,735_712_784_756
2020-08-08 02:00:00,2020-08-08 02:00:00,hail+wind,1083_737_1123_777
2020-08-08 03:00:00,2020-08-08 03:00:00,wind+hail,795_672_836_722
2020-08-08 04:00:00,2020-08-08 04:00:00,wind,810_691_856_732
2020-08-08 05:00:00,2020-08-08 05:00:00,wind,849_710_891_756
2020-08-08 11:00:00,2020-08-08 11:00:00,hail,812_866_864_908
2020-08-08 16:00:00,2020-08-08 16:00:00,hail,945_841_985_882
2020-08-08 17:00:00,2020-08-08 17:00:00,hail+wind,912_734_984_874
2020-08-08 18:00:00,2020-08-08 18:00:00,wind+hail,919_736_990_866
2020-08-08 19:00:00,2020-08-08 19:00:00,hail+wind,936_743_996_859
2020-08-08 22:00:00,2020-08-08 22:00:00,wind,1001_735_1053_779
2020-08-08 22:00:00,2020-08-08 22:00:00,hail+wind,755_542_800_584
2020-08-08 23:00:00,2020-08-08 23:00:00,hail,759_543_802_600
2020-08-08 23:00:00,2020-08-08 23:00:00,hail+wind,704_661_768_766
2020-08-09 00:00:00,2020-08-09 00:00:00,wind+torn,1087_798_1127_838
2020-08-09 01:00:00,2020-08-09 01:00:00,wind,1303_360_1351_402
2020-08-09 01:00:00,2020-08-09 01:00:00,wind,1094_803_1146_857
2020-08-09 01:00:00,2020-08-09 01:00:00,wind+hail,936_479_981_524
2020-08-09 02:00:00,2020-08-09 02:00:00,hail,981_746_1025_787
2020-08-09 02:00:00,2020-08-09 02:00:00,torn+wind,1119_801_1165_860
2020-08-09 03:00:00,2020-08-09 03:00:00,wind,1127_817_1176_862
2020-08-09 03:00:00,2020-08-09 03:00:00,hail,985_746_1029_788
2020-08-09 04:00:00,2020-08-09 04:00:00,hail,974_756_1020_801
2020-08-09 06:00:00,2020-08-09 06:00:00,wind+hail,986_747_1032_789
2020-08-09 07:00:00,2020-08-09 07:00:00,hail,987_740_1036_787
2020-08-09 07:00:00,2020-08-09 07:00:00,hail,974_759_1015_800
2020-08-09 08:00:00,2020-08-09 08:00:00,hail+wind,784_690_824_730
2020-08-09 08:00:00,2020-08-09 08:00:00,hail,976_754_1036_824
2020-08-09 09:00:00,2020-08-09 09:00:00,hail,788_684_875_728
2020-08-09 10:00:00,2020-08-09 10:00:00,hail,989_712_1046_759
2020-08-09 10:00:00,2020-08-09 10:00:00,wind+hail,841_670_897_726
2020-08-09 11:00:00,2020-08-09 11:00:00,wind+hail,865_667_913_719
2020-08-09 11:00:00,2020-08-09 11:00:00,hail,1038_715_1082_755
2020-08-09 12:00:00,2020-08-09 12:00:00,wind,906_619_947_659
2020-08-09 18:00:00,2020-08-09 18:00:00,wind,1033_803_1074_846
2020-08-09 18:00:00,2020-08-09 18:00:00,wind+hail,887_861_937_912
2020-08-09 19:00:00,2020-08-09 19:00:00,torn+hail+wind,853_802_962_929
2020-08-09 19:00:00,2020-08-09 19:00:00,wind,1353_317_1443_372
2020-08-09 20:00:00,2020-08-09 20:00:00,wind+hail,862_795_959_913
2020-08-09 20:00:00,2020-08-09 20:00:00,hail+wind,1409_198_1450_240
2020-08-09 21:00:00,2020-08-09 21:00:00,wind,1100_670_1178_731
2020-08-09 21:00:00,2020-08-09 21:00:00,wind+hail,939_839_993_914
2020-08-09 21:00:00,2020-08-09 21:00:00,hail+wind,1405_186_1450_227
2020-08-09 21:00:00,2020-08-09 21:00:00,wind,1042_471_1082_512
2020-08-09 22:00:00,2020-08-09 22:00:00,wind+torn,1356_137_1508_509
2020-08-09 22:00:00,2020-08-09 22:00:00,wind,1112_674_1165_725
2020-08-09 22:00:00,2020-08-09 22:00:00,wind,939_489_981_531
2020-08-09 22:00:00,2020-08-09 22:00:00,wind,946_841_1006_890
2020-08-09 23:00:00,2020-08-09 23:00:00,wind,1123_688_1176_733
2020-08-09 23:00:00,2020-08-09 23:00:00,wind,920_487_998_539
2020-08-09 23:00:00,2020-08-09 23:00:00,wind,1286_362_1397_443
2020-08-10 00:00:00,2020-08-10 00:00:00,wind,765_406_1283_693
2020-08-10 00:00:00,2020-08-10 00:00:00,wind,1398_337_1447_386
2020-08-10 01:00:00,2020-08-10 01:00:00,wind,1142_497_1296_685
2020-08-10 01:00:00,2020-08-10 01:00:00,wind+hail,734_381_894_484
2020-08-10 01:00:00,2020-08-10 01:00:00,wind,1268_289_1310_334
2020-08-10 02:00:00,2020-08-10 02:00:00,wind,791_384_864_458
2020-08-10 02:00:00,2020-08-10 02:00:00,wind,1259_560_1301_621
2020-08-10 02:00:00,2020-08-10 02:00:00,wind,1219_375_1262_421
2020-08-10 03:00:00,2020-08-10 03:00:00,wind,832_379_872_420
2020-08-10 03:00:00,2020-08-10 03:00:00,wind,865_410_907_451
2020-08-10 04:00:00,2020-08-10 04:00:00,wind,846_371_895_411
2020-08-10 05:00:00,2020-08-10 05:00:00,wind,832_379_872_420
2020-08-10 13:00:00,2020-08-10 13:00:00,wind,1084_722_1144_776
2020-08-10 13:00:00,2020-08-10 13:00:00,wind,901_613_958_698
2020-08-10 13:00:00,2020-08-10 13:00:00,hail,987_712_1027_753
2020-08-10 14:00:00,2020-08-10 14:00:00,wind,914_607_970_673
2020-08-10 14:00:00,2020-08-10 14:00:00,wind,934_636_987_693
2020-08-10 14:00:00,2020-08-10 14:00:00,wind,939_624_981_666
2020-08-10 15:00:00,2020-08-10 15:00:00,wind,950_621_1024_695
2020-08-10 16:00:00,2020-08-10 16:00:00,wind+torn,981_615_1055_693
2020-08-10 16:00:00,2020-08-10 16:00:00,wind,980_584_1020_630
2020-08-10 17:00:00,2020-08-10 17:00:00,wind+torn,1006_586_1104_720
2020-08-10 17:00:00,2020-08-10 17:00:00,wind,1270_374_1314_418
2020-08-10 18:00:00,2020-08-10 18:00:00,wind+hail,1041_600_1143_717
2020-08-10 18:00:00,2020-08-10 18:00:00,wind,984_566_1026_608
2020-08-10 18:00:00,2020-08-10 18:00:00,wind,1270_345_1329_423
2020-08-10 19:00:00,2020-08-10 19:00:00,wind+torn+hail,1040_584_1164_713
2020-08-10 19:00:00,2020-08-10 19:00:00,wind,1278_357_1364_414
2020-08-10 19:00:00,2020-08-10 19:00:00,wind,981_519_1028_569
2020-08-10 20:00:00,2020-08-10 20:00:00,hail+wind+torn,1090_567_1193_714
2020-08-10 20:00:00,2020-08-10 20:00:00,wind,1225_446_1268_498
2020-08-10 20:00:00,2020-08-10 20:00:00,wind,1288_347_1340_391
2020-08-10 20:00:00,2020-08-10 20:00:00,wind,1520_723_1567_814
2020-08-10 21:00:00,2020-08-10 21:00:00,wind+hail,1225_263_1371_389
2020-08-10 21:00:00,2020-08-10 21:00:00,wind,1227_446_1270_515
2020-08-10 21:00:00,2020-08-10 21:00:00,wind+torn+hail,781_456_1214_758
2020-08-10 21:00:00,2020-08-10 21:00:00,torn+wind,1516_723_1574_812
2020-08-10 22:00:00,2020-08-10 22:00:00,wind,1230_326_1391_387
2020-08-10 22:00:00,2020-08-10 22:00:00,wind+hail+torn,740_430_1278_719
2020-08-10 23:00:00,2020-08-10 23:00:00,wind+hail,768_426_1271_728
2020-08-10 23:00:00,2020-08-10 23:00:00,wind,1245_313_1302_360
2020-08-11 00:00:00,2020-08-11 00:00:00,wind,1181_235_1421_369
2020-08-11 00:00:00,2020-08-11 00:00:00,wind,1492_734_1648_989
2020-08-11 00:00:00,2020-08-11 00:00:00,hail+wind,712_799_774_884
2020-08-11 00:00:00,2020-08-11 00:00:00,wind,326_659_366_700
2020-08-11 01:00:00,2020-08-11 01:00:00,hail+wind,726_712_784_873
2020-08-11 01:00:00,2020-08-11 01:00:00,wind,1158_283_1200_332
2020-08-11 06:00:00,2020-08-11 06:00:00,wind,825_778_866_819
2020-08-11 17:00:00,2020-08-11 17:00:00,hail+wind,777_732_823_774
2020-08-11 17:00:00,2020-08-11 17:00:00,wind,1283_217_1399_288
2020-08-11 18:00:00,2020-08-11 18:00:00,wind,1228_258_1309_340
2020-08-11 19:00:00,2020-08-11 19:00:00,wind,1261_223_1449_303
2020-08-11 19:00:00,2020-08-11 19:00:00,wind,1319_403_1364_445
2020-08-11 20:00:00,2020-08-11 20:00:00,wind,1255_236_1308_287
2020-08-11 20:00:00,2020-08-11 20:00:00,wind,1239_283_1283_327
2020-08-11 21:00:00,2020-08-11 21:00:00,wind,1229_330_1281_378
2020-08-11 21:00:00,2020-08-11 21:00:00,wind,734_568_783_609
2020-08-11 21:00:00,2020-08-11 21:00:00,wind,1028_367_1070_407
2020-08-11 21:00:00,2020-08-11 21:00:00,wind,1386_249_1427_291
2020-08-11 22:00:00,2020-08-11 22:00:00,wind,1164_285_1327_381
2020-08-11 22:00:00,2020-08-11 22:00:00,wind,742_680_783_721
2020-08-11 22:00:00,2020-08-11 22:00:00,hail+wind,760_585_800_625
2020-08-11 23:00:00,2020-08-11 23:00:00,wind+hail,1189_243_1333_369
2020-08-11 23:00:00,2020-08-11 23:00:00,hail,742_549_783_589
2020-08-11 23:00:00,2020-08-11 23:00:00,hail,713_697_760_741
2020-08-12 08:00:00,2020-08-12 08:00:00,wind,928_422_968_463
2020-08-12 08:00:00,2020-08-12 08:00:00,wind,927_422_967_462
2020-08-12 17:00:00,2020-08-12 17:00:00,wind,1531_648_1572_688
2020-08-12 17:00:00,2020-08-12 17:00:00,wind,1510_641_1554_681
2020-08-12 17:00:00,2020-08-12 17:00:00,wind,1512_640_1553_680
2020-08-12 18:00:00,2020-08-12 18:00:00,wind,1497_630_1570_687
2020-08-12 18:00:00,2020-08-12 18:00:00,wind,1181_442_1250_513
2020-08-12 18:00:00,2020-08-12 18:00:00,wind,1273_314_1364_400
2020-08-12 19:00:00,2020-08-12 19:00:00,wind,1510_631_1560_673
2020-08-12 19:00:00,2020-08-12 19:00:00,wind,1209_350_1322_472
2020-08-12 20:00:00,2020-08-12 20:00:00,wind,1253_398_1296_440
2020-08-12 20:00:00,2020-08-12 20:00:00,wind,1479_618_1522_662
2020-08-12 21:00:00,2020-08-12 21:00:00,wind,1469_601_1522_662
2020-08-12 21:00:00,2020-08-12 21:00:00,wind,1272_312_1339_380
2020-08-12 22:00:00,2020-08-12 22:00:00,wind,1456_594_1510_646
2020-08-12 22:00:00,2020-08-12 22:00:00,wind,675_687_777_745
2020-08-12 23:00:00,2020-08-12 23:00:00,wind,1234_303_1443_401
2020-08-13 00:00:00,2020-08-13 00:00:00,hail+torn,809_664_849_706
2020-08-13 00:00:00,2020-08-13 00:00:00,hail,915_861_961_907
2020-08-13 01:00:00,2020-08-13 01:00:00,hail,905_837_961_911
2020-08-13 03:00:00,2020-08-13 03:00:00,wind,936_850_990_896
2020-08-13 04:00:00,2020-08-13 04:00:00,wind,910_807_959_848
2020-08-13 05:00:00,2020-08-13 05:00:00,wind,712_799_769_840
2020-08-13 07:00:00,2020-08-13 07:00:00,wind+hail,746_788_796_832
2020-08-13 08:00:00,2020-08-13 08:00:00,wind,973_390_1019_439
2020-08-13 09:00:00,2020-08-13 09:00:00,wind,980_380_1028_434
2020-08-13 09:00:00,2020-08-13 09:00:00,wind,756_785_809_844
2020-08-13 10:00:00,2020-08-13 10:00:00,hail+wind,794_803_861_848
2020-08-13 11:00:00,2020-08-13 11:00:00,hail+wind,808_805_937_862
2020-08-13 22:00:00,2020-08-13 22:00:00,wind,1291_378_1415_487
2020-08-13 22:00:00,2020-08-13 22:00:00,hail,756_530_798_573
2020-08-13 23:00:00,2020-08-13 23:00:00,wind,1349_407_1401_463
2020-08-14 00:00:00,2020-08-14 00:00:00,hail,859_557_903_612
2020-08-14 00:00:00,2020-08-14 00:00:00,wind+torn,988_754_1058_887
2020-08-14 00:00:00,2020-08-14 00:00:00,hail+wind,746_458_787_502
2020-08-14 01:00:00,2020-08-14 01:00:00,hail+wind,741_441_902_597
2020-08-14 01:00:00,2020-08-14 01:00:00,wind+hail,989_749_1066_868
2020-08-14 02:00:00,2020-08-14 02:00:00,wind,757_432_809_481
2020-08-14 03:00:00,2020-08-14 03:00:00,wind,768_417_815_466
2020-08-14 03:00:00,2020-08-14 03:00:00,wind+hail,840_520_891_565
2020-08-14 05:00:00,2020-08-14 05:00:00,wind+hail,1047_714_1098_759
2020-08-14 20:00:00,2020-08-14 20:00:00,wind+hail,1242_653_1283_709
2020-08-14 20:00:00,2020-08-14 20:00:00,hail,906_664_951_705
2020-08-14 20:00:00,2020-08-14 20:00:00,torn,912_783_962_828
2020-08-14 21:00:00,2020-08-14 21:00:00,hail+wind+torn,877_608_992_892
2020-08-14 21:00:00,2020-08-14 21:00:00,hail+wind,1243_649_1295_691
2020-08-14 21:00:00,2020-08-14 21:00:00,torn,751_509_793_549
2020-08-14 21:00:00,2020-08-14 21:00:00,wind,1395_330_1436_373
2020-08-14 22:00:00,2020-08-14 22:00:00,torn+wind+hail,945_735_1007_857
2020-08-14 22:00:00,2020-08-14 22:00:00,torn+hail,865_584_909_635
2020-08-14 22:00:00,2020-08-14 22:00:00,hail+torn,748_402_809_543
2020-08-14 23:00:00,2020-08-14 23:00:00,hail,740_474_791_535
2020-08-14 23:00:00,2020-08-14 23:00:00,hail+wind,860_572_907_626
2020-08-14 23:00:00,2020-08-14 23:00:00,torn+wind,953_763_1049_880
2020-08-14 23:00:00,2020-08-14 23:00:00,hail,783_865_827_923
2020-08-14 23:00:00,2020-08-14 23:00:00,wind,1213_464_1254_505
2020-08-15 00:00:00,2020-08-15 00:00:00,hail+wind,1283_701_1325_741
2020-08-15 00:00:00,2020-08-15 00:00:00,hail+wind,924_441_989_485
2020-08-15 00:00:00,2020-08-15 00:00:00,hail,718_545_764_585
2020-08-15 01:00:00,2020-08-15 01:00:00,hail,709_543_752_590
2020-08-15 01:00:00,2020-08-15 01:00:00,hail+wind,922_435_966_484
2020-08-15 13:00:00,2020-08-15 13:00:00,wind,981_506_1028_559
2020-08-15 13:00:00,2020-08-15 13:00:00,wind,1080_660_1125_700
2020-08-15 19:00:00,2020-08-15 19:00:00,wind,1059_218_1168_300
2020-08-15 21:00:00,2020-08-15 21:00:00,hail,961_457_1004_502
2020-08-15 21:00:00,2020-08-15 21:00:00,hail,727_656_768_697
2020-08-15 22:00:00,2020-08-15 22:00:00,torn,240_633_281_673
2020-08-15 22:00:00,2020-08-15 22:00:00,hail,669_529_712_577
2020-08-15 22:00:00,2020-08-15 22:00:00,hail,956_453_1000_500
2020-08-15 23:00:00,2020-08-15 23:00:00,hail+torn,671_528_756_617
2020-08-16 00:00:00,2020-08-16 00:00:00,wind+hail,798_284_960_390
2020-08-16 00:00:00,2020-08-16 00:00:00,wind,1101_249_1180_326
2020-08-16 00:00:00,2020-08-16 00:00:00,wind+hail+torn,692_495_920_640
2020-08-16 00:00:00,2020-08-16 00:00:00,hail+wind,420_312_489_413
2020-08-16 01:00:00,2020-08-16 01:00:00,wind,815_284_894_382
2020-08-16 01:00:00,2020-08-16 01:00:00,wind,1138_247_1182_288
2020-08-16 01:00:00,2020-08-16 01:00:00,wind+hail,767_510_928_618
2020-08-16 01:00:00,2020-08-16 01:00:00,wind,265_537_307_579
2020-08-16 02:00:00,2020-08-16 02:00:00,wind,896_529_938_574
2020-08-16 02:00:00,2020-08-16 02:00:00,wind,1116_202_1161_244
2020-08-16 03:00:00,2020-08-16 03:00:00,wind,316_874_357_916
2020-08-16 20:00:00,2020-08-16 20:00:00,hail,785_366_928_429
2020-08-16 20:00:00,2020-08-16 20:00:00,hail,737_556_939_668
2020-08-16 21:00:00,2020-08-16 21:00:00,hail+wind,778_301_990_411
2020-08-16 21:00:00,2020-08-16 21:00:00,hail+wind,733_550_832_614
2020-08-16 21:00:00,2020-08-16 21:00:00,wind,1125_295_1195_360
2020-08-16 21:00:00,2020-08-16 21:00:00,hail,903_613_944_653
2020-08-16 22:00:00,2020-08-16 22:00:00,hail+wind,732_542_946_658
2020-08-16 22:00:00,2020-08-16 22:00:00,wind+hail,778_339_848_408
2020-08-16 22:00:00,2020-08-16 22:00:00,hail+wind,883_319_954_378
2020-08-16 22:00:00,2020-08-16 22:00:00,wind,1113_281_1174_342
2020-08-16 23:00:00,2020-08-16 23:00:00,hail+wind,750_549_909_647
2020-08-16 23:00:00,2020-08-16 23:00:00,wind+hail,790_302_948_396
2020-08-16 23:00:00,2020-08-16 23:00:00,wind,1016_225_1174_328
2020-08-17 02:00:00,2020-08-17 02:00:00,wind,430_350_484_396
2020-08-17 02:00:00,2020-08-17 02:00:00,wind,1472_692_1513_732
2020-08-17 04:00:00,2020-08-17 04:00:00,wind,1487_673_1538_723
2020-08-17 05:00:00,2020-08-17 05:00:00,wind,1497_662_1554_730
2020-08-17 20:00:00,2020-08-17 20:00:00,wind,302_715_346_763
2020-08-17 20:00:00,2020-08-17 20:00:00,wind,1429_543_1481_599
2020-08-17 20:00:00,2020-08-17 20:00:00,hail+wind,1364_434_1404_474
2020-08-17 23:00:00,2020-08-17 23:00:00,wind,357_781_399_828
2020-08-18 10:00:00,2020-08-18 10:00:00,hail,888_858_931_900
2020-08-18 18:00:00,2020-08-18 18:00:00,wind+hail,1402_210_1457_276
2020-08-18 18:00:00,2020-08-18 18:00:00,wind,1305_240_1346_282
2020-08-18 19:00:00,2020-08-18 19:00:00,wind+torn,1408_200_1461_246
2020-08-18 21:00:00,2020-08-18 21:00:00,hail+wind,1378_304_1423_358
2020-08-18 22:00:00,2020-08-18 22:00:00,wind,875_113_916_156
2020-08-18 23:00:00,2020-08-18 23:00:00,hail+wind,871_108_911_148
2020-08-19 00:00:00,2020-08-19 00:00:00,wind,1227_311_1291_371
2020-08-19 00:00:00,2020-08-19 00:00:00,wind,436_611_476_655
2020-08-19 00:00:00,2020-08-19 00:00:00,hail,1005_876_1045_916
2020-08-19 00:00:00,2020-08-19 00:00:00,wind,698_544_751_623
2020-08-19 13:00:00,2020-08-19 13:00:00,torn+wind,1533_660_1573_700
2020-08-19 19:00:00,2020-08-19 19:00:00,wind,1342_441_1389_482
2020-08-19 19:00:00,2020-08-19 19:00:00,wind,1212_368_1253_408
2020-08-19 19:00:00,2020-08-19 19:00:00,wind,1340_417_1380_457
2020-08-19 20:00:00,2020-08-19 20:00:00,wind,1270_373_1329_421
2020-08-19 21:00:00,2020-08-19 21:00:00,wind,1303_230_1439_271
2020-08-19 21:00:00,2020-08-19 21:00:00,wind,1274_378_1347_420
2020-08-19 22:00:00,2020-08-19 22:00:00,wind+hail,1280_368_1321_411
2020-08-20 01:00:00,2020-08-20 01:00:00,wind,581_853_648_917
2020-08-20 02:00:00,2020-08-20 02:00:00,wind,422_303_494_406
2020-08-20 02:00:00,2020-08-20 02:00:00,wind,599_850_679_931
2020-08-20 03:00:00,2020-08-20 03:00:00,wind,625_850_691_933
2020-08-20 03:00:00,2020-08-20 03:00:00,wind,429_336_488_386
2020-08-20 22:00:00,2020-08-20 22:00:00,wind,1217_361_1350_416
2020-08-20 23:00:00,2020-08-20 23:00:00,hail+wind,543_859_592_947
2020-08-20 23:00:00,2020-08-20 23:00:00,wind,1271_362_1324_416
2020-08-20 23:00:00,2020-08-20 23:00:00,wind+hail,681_529_722_569
2020-08-21 01:00:00,2020-08-21 01:00:00,hail+wind,696_355_737_397
2020-08-21 20:00:00,2020-08-21 20:00:00,wind,1410_194_1453_235
2020-08-21 20:00:00,2020-08-21 20:00:00,wind,1528_780_1570_821
2020-08-21 21:00:00,2020-08-21 21:00:00,torn+wind,881_776_924_817
2020-08-21 22:00:00,2020-08-21 22:00:00,hail,1124_789_1166_830
2020-08-21 23:00:00,2020-08-21 23:00:00,wind+hail,902_760_948_811
2020-08-22 18:00:00,2020-08-22 18:00:00,wind+torn,1578_805_1618_845
2020-08-22 18:00:00,2020-08-22 18:00:00,wind,1601_745_1641_787
2020-08-22 20:00:00,2020-08-22 20:00:00,wind,1600_743_1641_784
2020-08-22 20:00:00,2020-08-22 20:00:00,hail+wind,1603_739_1643_781
2020-08-22 21:00:00,2020-08-22 21:00:00,wind,1586_730_1656_772
2020-08-22 21:00:00,2020-08-22 21:00:00,hail,996_843_1037_887
2020-08-23 00:00:00,2020-08-23 00:00:00,wind,1517_738_1612_829
2020-08-23 00:00:00,2020-08-23 00:00:00,wind,771_700_822_758
2020-08-23 00:00:00,2020-08-23 00:00:00,wind,1489_627_1533_674
2020-08-23 01:00:00,2020-08-23 01:00:00,wind,1495_629_1538_672
2020-08-23 01:00:00,2020-08-23 01:00:00,wind,787_709_833_751
2020-08-23 07:00:00,2020-08-23 07:00:00,hail+wind,874_762_969_812
2020-08-23 18:00:00,2020-08-23 18:00:00,hail,1520_744_1561_785
2020-08-23 19:00:00,2020-08-23 19:00:00,wind,1518_739_1561_781
2020-08-23 19:00:00,2020-08-23 19:00:00,wind,1587_779_1632_821
2020-08-23 20:00:00,2020-08-23 20:00:00,wind+hail,1586_757_1633_801
2020-08-23 20:00:00,2020-08-23 20:00:00,wind,1590_765_1635_807
2020-08-23 21:00:00,2020-08-23 21:00:00,hail+wind,1508_745_1635_800
2020-08-23 21:00:00,2020-08-23 21:00:00,wind,1449_602_1493_646
2020-08-23 22:00:00,2020-08-23 22:00:00,wind,1567_742_1637_790
2020-08-23 22:00:00,2020-08-23 22:00:00,hail,846_785_896_827
2020-08-23 23:00:00,2020-08-23 23:00:00,wind,1561_739_1608_783
2020-08-24 02:00:00,2020-08-24 02:00:00,wind,1353_307_1396_355
2020-08-24 04:00:00,2020-08-24 04:00:00,wind,1100_684_1148_741
2020-08-24 04:00:00,2020-08-24 04:00:00,hail,1038_744_1085_788
2020-08-24 05:00:00,2020-08-24 05:00:00,wind,1109_677_1153_721
2020-08-24 06:00:00,2020-08-24 06:00:00,wind,1384_717_1426_757
2020-08-24 07:00:00,2020-08-24 07:00:00,wind+hail,1118_676_1163_721
2020-08-24 18:00:00,2020-08-24 18:00:00,hail+wind,1594_735_1643_889
2020-08-24 19:00:00,2020-08-24 19:00:00,wind,1462_710_1509_755
2020-08-24 20:00:00,2020-08-24 20:00:00,hail+wind,1579_768_1652_874
2020-08-24 20:00:00,2020-08-24 20:00:00,wind,1468_668_1532_722
2020-08-24 21:00:00,2020-08-24 21:00:00,wind,1522_781_1566_824
2020-08-24 21:00:00,2020-08-24 21:00:00,wind,1457_562_1498_604
2020-08-24 21:00:00,2020-08-24 21:00:00,wind,1492_668_1533_710
2020-08-24 21:00:00,2020-08-24 21:00:00,hail,1599_811_1640_851
2020-08-24 22:00:00,2020-08-24 22:00:00,wind,1497_662_1538_703
2020-08-24 22:00:00,2020-08-24 22:00:00,wind,1522_781_1564_822
2020-08-24 22:00:00,2020-08-24 22:00:00,wind,1332_241_1386_290
2020-08-24 22:00:00,2020-08-24 22:00:00,wind,1457_560_1519_602
2020-08-24 23:00:00,2020-08-24 23:00:00,wind,1326_250_1383_305
2020-08-24 23:00:00,2020-08-24 23:00:00,wind,1413_519_1455_560
2020-08-25 00:00:00,2020-08-25 00:00:00,wind,1339_521_1528_635
2020-08-25 01:00:00,2020-08-25 01:00:00,wind,1499_573_1548_637
2020-08-25 17:00:00,2020-08-25 17:00:00,wind,1450_723_1495_767
2020-08-25 17:00:00,2020-08-25 17:00:00,wind+hail,1373_646_1418_691
2020-08-25 18:00:00,2020-08-25 18:00:00,wind+hail,1273_579_1431_684
2020-08-25 18:00:00,2020-08-25 18:00:00,hail+wind,1463_717_1539_771
2020-08-25 18:00:00,2020-08-25 18:00:00,wind,1589_826_1648_890
2020-08-25 19:00:00,2020-08-25 19:00:00,wind,1520_756_1677_907
2020-08-25 19:00:00,2020-08-25 19:00:00,wind,1267_575_1442_672
2020-08-25 20:00:00,2020-08-25 20:00:00,hail+wind,1236_562_1464_662
2020-08-25 20:00:00,2020-08-25 20:00:00,wind,1549_781_1686_894
2020-08-25 20:00:00,2020-08-25 20:00:00,wind,1509_692_1567_745
2020-08-25 21:00:00,2020-08-25 21:00:00,wind+hail,1233_557_1469_658
2020-08-25 21:00:00,2020-08-25 21:00:00,wind,1514_685_1608_766
2020-08-25 21:00:00,2020-08-25 21:00:00,wind,421_677_484_737
2020-08-25 22:00:00,2020-08-25 22:00:00,wind,1524_676_1641_841
2020-08-25 22:00:00,2020-08-25 22:00:00,wind+hail,1248_542_1553_662
2020-08-25 22:00:00,2020-08-25 22:00:00,wind,446_703_514_769
2020-08-25 23:00:00,2020-08-25 23:00:00,wind,1339_531_1554_654
2020-08-25 23:00:00,2020-08-25 23:00:00,wind,1579_706_1636_762
2020-08-25 23:00:00,2020-08-25 23:00:00,wind,454_694_528_832
2020-08-26 01:00:00,2020-08-26 01:00:00,hail,782_695_823_735
2020-08-26 01:00:00,2020-08-26 01:00:00,hail+wind,774_686_814_726
2020-08-26 02:00:00,2020-08-26 02:00:00,wind+hail,781_677_835_721
2020-08-26 02:00:00,2020-08-26 02:00:00,wind,460_727_507_775
2020-08-26 19:00:00,2020-08-26 19:00:00,hail+wind,1325_587_1378_653
2020-08-26 19:00:00,2020-08-26 19:00:00,wind,1294_371_1338_412
2020-08-26 21:00:00,2020-08-26 21:00:00,hail+wind,780_736_829_795
2020-08-26 22:00:00,2020-08-26 22:00:00,hail,725_709_833_803
2020-08-26 23:00:00,2020-08-26 23:00:00,hail+wind,785_768_826_815
2020-08-27 00:00:00,2020-08-27 00:00:00,wind,1399_618_1584_715
2020-08-27 00:00:00,2020-08-27 00:00:00,wind,1076_377_1197_502
2020-08-27 00:00:00,2020-08-27 00:00:00,wind+hail,691_674_790_906
2020-08-27 00:00:00,2020-08-27 00:00:00,wind,1081_700_1129_744
2020-08-27 01:00:00,2020-08-27 01:00:00,hail+wind,683_695_808_854
2020-08-27 01:00:00,2020-08-27 01:00:00,wind,1095_690_1137_746
2020-08-27 01:00:00,2020-08-27 01:00:00,wind,1076_417_1178_497
2020-08-27 02:00:00,2020-08-27 02:00:00,wind+torn,1083_417_1130_466
2020-08-27 02:00:00,2020-08-27 02:00:00,wind,1486_516_1547_573
2020-08-27 02:00:00,2020-08-27 02:00:00,wind,714_706_801_778
2020-08-27 03:00:00,2020-08-27 03:00:00,wind+torn,1074_438_1115_479
2020-08-27 03:00:00,2020-08-27 03:00:00,wind,731_718_823_776
2020-08-27 04:00:00,2020-08-27 04:00:00,wind,784_724_832_769
2020-08-27 04:00:00,2020-08-27 04:00:00,wind,801_728_851_777
2020-08-27 05:00:00,2020-08-27 05:00:00,wind,823_733_868_773
2020-08-27 05:00:00,2020-08-27 05:00:00,wind,859_726_900_768
2020-08-27 06:00:00,2020-08-27 06:00:00,torn+wind,853_746_893_786
2020-08-27 06:00:00,2020-08-27 06:00:00,wind,885_729_931_778
2020-08-27 07:00:00,2020-08-27 07:00:00,torn+wind,897_738_939_782
2020-08-27 07:00:00,2020-08-27 07:00:00,wind,905_731_947_774
2020-08-27 17:00:00,2020-08-27 17:00:00,wind,1457_728_1502_773
2020-08-27 17:00:00,2020-08-27 17:00:00,wind,1553_742_1601_782
2020-08-27 18:00:00,2020-08-27 18:00:00,wind,1405_721_1627_787
2020-08-27 18:00:00,2020-08-27 18:00:00,wind,1183_327_1230_375
2020-08-27 19:00:00,2020-08-27 19:00:00,wind,1181_329_1228_375
2020-08-27 19:00:00,2020-08-27 19:00:00,wind+hail+torn,1528_714_1581_764
2020-08-27 19:00:00,2020-08-27 19:00:00,wind+hail,1407_727_1478_776
2020-08-27 20:00:00,2020-08-27 20:00:00,wind+torn+hail,1343_648_1603_771
2020-08-27 20:00:00,2020-08-27 20:00:00,wind,1179_379_1230_424
2020-08-27 21:00:00,2020-08-27 21:00:00,wind,1177_554_1587_761
2020-08-27 21:00:00,2020-08-27 21:00:00,wind,1178_381_1273_443
2020-08-27 22:00:00,2020-08-27 22:00:00,wind+torn+hail,1327_625_1559_744
2020-08-27 22:00:00,2020-08-27 22:00:00,wind,1081_370_1226_475
2020-08-27 22:00:00,2020-08-27 22:00:00,wind,884_308_927_350
2020-08-27 23:00:00,2020-08-27 23:00:00,wind,1336_617_1582_742
2020-08-27 23:00:00,2020-08-27 23:00:00,torn+wind,1081_371_1133_426
2020-08-28 01:00:00,2020-08-28 01:00:00,wind,1444_575_1486_617
2020-08-28 01:00:00,2020-08-28 01:00:00,hail,845_538_886_584
2020-08-28 01:00:00,2020-08-28 01:00:00,wind,714_405_768_513
2020-08-28 01:00:00,2020-08-28 01:00:00,wind+hail,1200_705_1242_746
2020-08-28 02:00:00,2020-08-28 02:00:00,wind,1195_681_1254_743
2020-08-28 04:00:00,2020-08-28 04:00:00,wind,1248_683_1295_725
2020-08-28 05:00:00,2020-08-28 05:00:00,wind,775_489_825_541
2020-08-28 07:00:00,2020-08-28 07:00:00,wind,807_473_857_523
2020-08-28 08:00:00,2020-08-28 08:00:00,wind,840_503_880_544
2020-08-28 16:00:00,2020-08-28 16:00:00,wind,1291_600_1332_642
2020-08-28 17:00:00,2020-08-28 17:00:00,wind,1181_417_1231_484
2020-08-28 17:00:00,2020-08-28 17:00:00,wind,1268_601_1345_658
2020-08-28 17:00:00,2020-08-28 17:00:00,wind,1426_639_1471_689
2020-08-28 18:00:00,2020-08-28 18:00:00,wind,1433_620_1513_702
2020-08-28 18:00:00,2020-08-28 18:00:00,wind,1193_445_1239_506
2020-08-28 18:00:00,2020-08-28 18:00:00,wind,1236_673_1278_714
2020-08-28 18:00:00,2020-08-28 18:00:00,wind,1298_611_1393_666
2020-08-28 19:00:00,2020-08-28 19:00:00,wind,1432_607_1545_700
2020-08-28 19:00:00,2020-08-28 19:00:00,hail+wind,1318_600_1418_681
2020-08-28 20:00:00,2020-08-28 20:00:00,wind,1480_617_1559_695
2020-08-28 20:00:00,2020-08-28 20:00:00,wind,1140_355_1225_433
2020-08-28 20:00:00,2020-08-28 20:00:00,hail,1011_649_1058_690
2020-08-28 21:00:00,2020-08-28 21:00:00,wind+torn,1168_353_1237_434
2020-08-28 21:00:00,2020-08-28 21:00:00,wind+hail,1249_706_1291_748
2020-08-28 21:00:00,2020-08-28 21:00:00,hail+wind,1022_649_1091_698
2020-08-28 21:00:00,2020-08-28 21:00:00,wind,1489_607_1578_692
2020-08-28 21:00:00,2020-08-28 21:00:00,wind,1261_551_1307_598
2020-08-28 22:00:00,2020-08-28 22:00:00,wind+torn,1196_370_1249_413
2020-08-28 22:00:00,2020-08-28 22:00:00,torn+wind,1229_422_1269_462
2020-08-28 22:00:00,2020-08-28 22:00:00,wind,1389_448_1430_491
2020-08-28 23:00:00,2020-08-28 23:00:00,wind,1293_571_1335_612
2020-08-28 23:00:00,2020-08-28 23:00:00,wind,1236_430_1285_478
2020-08-29 00:00:00,2020-08-29 00:00:00,wind,878_299_928_345
2020-08-29 00:00:00,2020-08-29 00:00:00,hail,740_393_786_437
2020-08-29 01:00:00,2020-08-29 01:00:00,wind+hail,735_379_806_439
2020-08-29 01:00:00,2020-08-29 01:00:00,hail+wind,702_723_758_763
2020-08-29 01:00:00,2020-08-29 01:00:00,wind,962_340_1021_428
2020-08-29 02:00:00,2020-08-29 02:00:00,wind,770_389_816_441
2020-08-29 02:00:00,2020-08-29 02:00:00,wind,417_347_476_396
2020-08-29 02:00:00,2020-08-29 02:00:00,wind,948_344_1003_392
2020-08-29 03:00:00,2020-08-29 03:00:00,wind,976_340_1032_386
2020-08-29 03:00:00,2020-08-29 03:00:00,wind,766_358_818_408
2020-08-29 04:00:00,2020-08-29 04:00:00,wind,983_331_1037_372
2020-08-29 07:00:00,2020-08-29 07:00:00,wind,847_342_888_385
2020-08-29 07:00:00,2020-08-29 07:00:00,wind,849_357_893_405
2020-08-29 13:00:00,2020-08-29 13:00:00,wind,957_471_1002_514
2020-08-29 14:00:00,2020-08-29 14:00:00,wind,973_473_1014_513
2020-08-29 15:00:00,2020-08-29 15:00:00,wind,995_471_1036_511
2020-08-29 16:00:00,2020-08-29 16:00:00,wind,1012_466_1052_507
2020-08-29 17:00:00,2020-08-29 17:00:00,wind,1034_463_1079_503
2020-08-29 20:00:00,2020-08-29 20:00:00,wind+hail,667_435_718_539
2020-08-29 20:00:00,2020-08-29 20:00:00,hail+wind,1492_745_1552_801
2020-08-29 20:00:00,2020-08-29 20:00:00,wind,1210_464_1255_507
2020-08-29 21:00:00,2020-08-29 21:00:00,wind,1466_674_1510_717
2020-08-29 21:00:00,2020-08-29 21:00:00,torn,1520_757_1563_797
2020-08-29 22:00:00,2020-08-29 22:00:00,wind,1486_731_1557_828
2020-08-29 22:00:00,2020-08-29 22:00:00,wind,1484_665_1534_715
2020-08-29 23:00:00,2020-08-29 23:00:00,wind+torn,1504_710_1565_831
2020-08-29 23:00:00,2020-08-29 23:00:00,wind,1491_657_1539_705
2020-08-30 00:00:00,2020-08-30 00:00:00,wind,1277_374_1321_422
2020-08-30 00:00:00,2020-08-30 00:00:00,torn+hail+wind,807_630_895_765
2020-08-30 02:00:00,2020-08-30 02:00:00,wind,1310_395_1353_437
2020-08-30 21:00:00,2020-08-30 21:00:00,wind,1304_310_1352_356
2020-08-30 22:00:00,2020-08-30 22:00:00,wind,1395_323_1437_370
2020-08-30 22:00:00,2020-08-30 22:00:00,hail,832_744_880_803
2020-08-30 23:00:00,2020-08-30 23:00:00,wind,1303_401_1344_441
2020-08-30 23:00:00,2020-08-30 23:00:00,hail+torn,832_700_883_780
2020-08-31 13:00:00,2020-08-31 13:00:00,wind,962_522_1007_569
2020-08-31 16:00:00,2020-08-31 16:00:00,wind,1027_486_1069_530
2020-08-31 16:00:00,2020-08-31 16:00:00,wind,1047_494_1089_535
2020-08-31 17:00:00,2020-08-31 17:00:00,wind,1031_486_1076_528
2020-08-31 20:00:00,2020-08-31 20:00:00,wind,1175_384_1216_425
2020-08-31 21:00:00,2020-08-31 21:00:00,wind,1178_377_1253_426
2020-09-01 00:00:00,2020-09-01 00:00:00,wind+torn+hail,765_365_835_506
2020-09-01 18:00:00,2020-09-01 18:00:00,torn,1028_390_1069_431
2020-09-01 19:00:00,2020-09-01 19:00:00,torn+wind,1028_390_1079_438
2020-09-01 20:00:00,2020-09-01 20:00:00,torn+wind,1029_392_1085_443
2020-09-01 21:00:00,2020-09-01 21:00:00,torn+wind,1107_428_1236_473
2020-09-01 22:00:00,2020-09-01 22:00:00,wind+torn,1119_428_1247_484
2020-09-02 00:00:00,2020-09-02 00:00:00,wind,1465_603_1511_653
2020-09-02 00:00:00,2020-09-02 00:00:00,wind,838_843_887_888
2020-09-02 01:00:00,2020-09-02 01:00:00,wind,864_834_931_901
2020-09-02 02:00:00,2020-09-02 02:00:00,wind,910_856_952_899
2020-09-02 23:00:00,2020-09-02 23:00:00,wind,1460_601_1501_642
2020-09-03 22:00:00,2020-09-03 22:00:00,wind,1477_593_1521_634
2020-09-03 23:00:00,2020-09-03 23:00:00,wind,1502_590_1546_633
2020-09-05 00:00:00,2020-09-05 00:00:00,wind,1395_316_1436_356
2020-09-05 04:00:00,2020-09-05 04:00:00,hail,936_739_986_784
2020-09-05 04:00:00,2020-09-05 04:00:00,hail,946_760_995_801
2020-09-05 05:00:00,2020-09-05 05:00:00,hail,931_732_1006_784
2020-09-05 05:00:00,2020-09-05 05:00:00,hail,982_741_1032_789
2020-09-05 05:00:00,2020-09-05 05:00:00,hail+wind,1023_661_1068_709
2020-09-05 06:00:00,2020-09-05 06:00:00,hail+wind,940_726_994_774
2020-09-05 06:00:00,2020-09-05 06:00:00,hail+wind,1032_661_1072_709
2020-09-05 06:00:00,2020-09-05 06:00:00,hail+wind,947_697_997_743
2020-09-05 07:00:00,2020-09-05 07:00:00,wind,1033_661_1085_703
2020-09-05 07:00:00,2020-09-05 07:00:00,wind,969_689_1014_733
2020-09-05 09:00:00,2020-09-05 09:00:00,wind,1071_632_1111_675
2020-09-05 09:00:00,2020-09-05 09:00:00,hail,995_735_1046_784
2020-09-07 04:00:00,2020-09-07 04:00:00,hail+wind,769_559_809_599
2020-09-07 21:00:00,2020-09-07 21:00:00,wind+hail,1310_619_1352_663
2020-09-07 21:00:00,2020-09-07 21:00:00,wind+torn,1285_604_1341_650
2020-09-07 21:00:00,2020-09-07 21:00:00,wind,1244_595_1290_638
2020-09-08 20:00:00,2020-09-08 20:00:00,wind+hail,1214_620_1259_660
2020-09-12 20:00:00,2020-09-12 20:00:00,wind,1304_239_1344_281
2020-09-15 11:00:00,2020-09-15 11:00:00,wind,1195_223_1242_268
2020-09-16 07:00:00,2020-09-16 07:00:00,wind,1386_324_1427_364
2020-09-17 08:00:00,2020-09-17 08:00:00,wind,213_826_253_867
2020-09-25 00:00:00,2020-09-25 00:00:00,hail+wind,1436_465_1480_512
2020-09-25 00:00:00,2020-09-25 00:00:00,torn+wind+hail,1056_804_1102_849
2020-09-25 01:00:00,2020-09-25 01:00:00,hail+wind,1056_805_1102_849
2020-09-25 01:00:00,2020-09-25 01:00:00,wind,1107_829_1150_870
2020-09-25 02:00:00,2020-09-25 02:00:00,hail+wind,1072_802_1120_846
2020-09-25 23:00:00,2020-09-25 23:00:00,hail,1435_462_1475_503
2020-09-27 16:00:00,2020-09-27 16:00:00,hail,928_514_972_555
2020-09-27 21:00:00,2020-09-27 21:00:00,wind,1014_482_1061_523
2020-09-29 20:00:00,2020-09-29 20:00:00,wind,1402_455_1447_500
2020-09-29 20:00:00,2020-09-29 20:00:00,wind,1393_313_1436_355
2020-09-29 21:00:00,2020-09-29 21:00:00,wind,1409_451_1452_508
2020-09-29 21:00:00,2020-09-29 21:00:00,wind,1403_320_1447_364
2020-09-29 21:00:00,2020-09-29 21:00:00,wind,1421_476_1463_529
2020-10-07 18:00:00,2020-10-07 18:00:00,wind,1444_734_1528_793
2020-10-07 19:00:00,2020-10-07 19:00:00,wind+torn,1465_723_1566_796
2020-10-07 20:00:00,2020-10-07 20:00:00,wind,1500_729_1598_801
2020-10-07 21:00:00,2020-10-07 21:00:00,wind+torn,1538_725_1632_813
2020-10-07 21:00:00,2020-10-07 21:00:00,wind,1461_711_1509_752
2020-10-07 21:00:00,2020-10-07 21:00:00,wind,1541_703_1588_745
2020-10-07 22:00:00,2020-10-07 22:00:00,wind,1582_731_1648_797
2020-10-07 22:00:00,2020-10-07 22:00:00,wind,1556_704_1596_744
2020-10-10 00:00:00,2020-10-10 00:00:00,hail+wind,1575_814_1629_878
2020-10-10 00:00:00,2020-10-10 00:00:00,torn+wind,1289_362_1334_409
2020-10-10 21:00:00,2020-10-10 21:00:00,wind,1470_756_1510_798
2020-10-10 21:00:00,2020-10-10 21:00:00,wind+hail,1505_804_1559_846
2020-10-10 22:00:00,2020-10-10 22:00:00,wind,1522_807_1569_849
2020-10-10 22:00:00,2020-10-10 22:00:00,wind,1552_821_1597_865
2020-10-10 23:00:00,2020-10-10 23:00:00,wind+hail,1553_813_1620_872
2020-10-10 23:00:00,2020-10-10 23:00:00,wind+torn,1257_355_1327_417
2020-10-11 00:00:00,2020-10-11 00:00:00,hail+wind,929_696_972_739
2020-10-11 00:00:00,2020-10-11 00:00:00,hail,896_629_941_673
2020-10-11 02:00:00,2020-10-11 02:00:00,wind,884_588_944_639
2020-10-11 02:00:00,2020-10-11 02:00:00,wind,900_575_942_621
2020-10-11 03:00:00,2020-10-11 03:00:00,wind,894_575_970_653
2020-10-11 04:00:00,2020-10-11 04:00:00,wind,937_595_983_643
2020-10-11 04:00:00,2020-10-11 04:00:00,wind,933_567_974_620
2020-10-11 14:00:00,2020-10-11 14:00:00,wind,1348_394_1391_435
2020-10-11 20:00:00,2020-10-11 20:00:00,torn+wind,1444_394_1484_434
2020-10-11 22:00:00,2020-10-11 22:00:00,hail,880_627_922_675
2020-10-11 22:00:00,2020-10-11 22:00:00,hail,904_751_948_802
2020-10-11 23:00:00,2020-10-11 23:00:00,wind,908_659_952_724
2020-10-11 23:00:00,2020-10-11 23:00:00,hail+wind,883_626_929_669
2020-10-11 23:00:00,2020-10-11 23:00:00,wind,912_740_952_781
2020-10-22 23:00:00,2020-10-22 23:00:00,hail,1017_655_1058_697
2020-10-23 18:00:00,2020-10-23 18:00:00,wind+hail,1233_669_1311_785
2020-10-23 19:00:00,2020-10-23 19:00:00,wind+hail,1262_650_1335_764
2020-10-23 19:00:00,2020-10-23 19:00:00,wind,948_185_995_234
2020-10-23 20:00:00,2020-10-23 20:00:00,hail+wind,1136_430_1196_508
2020-10-23 20:00:00,2020-10-23 20:00:00,wind+hail,1187_467_1227_507
2020-10-23 21:00:00,2020-10-23 21:00:00,hail+wind,1185_523_1259_579
2020-10-23 21:00:00,2020-10-23 21:00:00,wind,1255_629_1324_698
2020-10-23 22:00:00,2020-10-23 22:00:00,wind+hail,1282_642_1359_695
2020-10-23 22:00:00,2020-10-23 22:00:00,wind,1218_515_1278_589
2020-10-23 23:00:00,2020-10-23 23:00:00,wind,1315_658_1359_698
2020-10-23 23:00:00,2020-10-23 23:00:00,wind,1327_659_1368_700
2020-11-10 00:00:00,2020-11-10 00:00:00,wind,1175_716_1226_771
2020-11-10 01:00:00,2020-11-10 01:00:00,wind,1186_672_1241_748
2020-11-10 02:00:00,2020-11-10 02:00:00,wind,1206_708_1253_752
2020-11-10 02:00:00,2020-11-10 02:00:00,wind,1194_661_1239_719
2020-11-10 02:00:00,2020-11-10 02:00:00,wind,1231_763_1273_804
2020-11-10 19:00:00,2020-11-10 19:00:00,hail+wind,1050_576_1092_623
2020-11-10 19:00:00,2020-11-10 19:00:00,wind,1057_602_1097_648
2020-11-10 19:00:00,2020-11-10 19:00:00,wind,1054_559_1098_609
2020-11-10 19:00:00,2020-11-10 19:00:00,torn+wind,1064_615_1104_656
2020-11-10 20:00:00,2020-11-10 20:00:00,torn+wind+hail,1064_593_1132_684
2020-11-10 21:00:00,2020-11-10 21:00:00,wind+hail,1096_626_1157_707
2020-11-10 21:00:00,2020-11-10 21:00:00,wind,1090_595_1142_645
2020-11-10 22:00:00,2020-11-10 22:00:00,wind+torn,1111_625_1180_731
2020-11-10 22:00:00,2020-11-10 22:00:00,wind,1109_605_1150_649
2020-11-10 23:00:00,2020-11-10 23:00:00,wind,1133_633_1193_695
2020-11-10 23:00:00,2020-11-10 23:00:00,wind,1140_668_1183_715
2020-11-11 03:00:00,2020-11-11 03:00:00,wind,1285_387_1328_430
2020-11-14 00:00:00,2020-11-14 00:00:00,hail+wind,973_462_1018_502
2020-11-14 00:00:00,2020-11-14 00:00:00,wind,964_447_1012_490
2020-11-14 01:00:00,2020-11-14 01:00:00,wind,987_463_1043_505
2020-11-14 01:00:00,2020-11-14 01:00:00,hail,978_506_1027_547
2020-11-14 02:00:00,2020-11-14 02:00:00,wind,1037_490_1083_533
2020-11-14 03:00:00,2020-11-14 03:00:00,wind,999_440_1039_482
2020-11-14 03:00:00,2020-11-14 03:00:00,wind,1066_487_1106_540
2020-11-14 03:00:00,2020-11-14 03:00:00,wind+hail,1025_453_1073_495
2020-11-14 03:00:00,2020-11-14 03:00:00,wind,970_428_1020_471
2020-11-14 04:00:00,2020-11-14 04:00:00,wind,974_394_1027_443
2020-11-14 07:00:00,2020-11-14 07:00:00,torn+wind,1044_392_1084_433
2020-11-14 07:00:00,2020-11-14 07:00:00,wind,1075_423_1115_465
2020-11-15 00:00:00,2020-11-15 00:00:00,wind,1458_587_1558_753
2020-11-15 01:00:00,2020-11-15 01:00:00,wind,1495_613_1590_767
2020-11-15 02:00:00,2020-11-15 02:00:00,wind,1535_630_1579_697
2020-11-15 02:00:00,2020-11-15 02:00:00,wind,1530_688_1614_786
2020-11-15 02:00:00,2020-11-15 02:00:00,wind,1522_606_1566_648
2020-11-15 03:00:00,2020-11-15 03:00:00,wind,1556_684_1600_726
2020-11-15 03:00:00,2020-11-15 03:00:00,wind,1559_733_1612_787
2020-11-15 03:00:00,2020-11-15 03:00:00,wind,1586_730_1634_783
2020-11-15 03:00:00,2020-11-15 03:00:00,wind,1583_712_1630_756
2020-11-15 03:00:00,2020-11-15 03:00:00,wind,1582_761_1623_805
2020-11-15 15:00:00,2020-11-15 15:00:00,wind,1256_631_1297_678
2020-11-15 16:00:00,2020-11-15 16:00:00,wind,1255_591_1322_710
2020-11-15 16:00:00,2020-11-15 16:00:00,wind,1265_552_1310_613
2020-11-15 17:00:00,2020-11-15 17:00:00,wind,1287_556_1357_699
2020-11-15 18:00:00,2020-11-15 18:00:00,wind,1311_569_1381_698
2020-11-15 18:00:00,2020-11-15 18:00:00,wind,1326_653_1376_715
2020-11-15 19:00:00,2020-11-15 19:00:00,wind,1342_601_1410_726
2020-11-15 20:00:00,2020-11-15 20:00:00,wind,1373_599_1428_733
2020-11-15 20:00:00,2020-11-15 20:00:00,wind,1379_679_1434_771
2020-11-15 20:00:00,2020-11-15 20:00:00,wind,1390_639_1435_699
2020-11-15 21:00:00,2020-11-15 21:00:00,wind,1386_580_1483_698
2020-11-15 21:00:00,2020-11-15 21:00:00,wind,1406_698_1459_757
2020-11-15 22:00:00,2020-11-15 22:00:00,wind,1425_714_1480_789
2020-11-15 22:00:00,2020-11-15 22:00:00,wind,1430_589_1490_672
2020-11-15 22:00:00,2020-11-15 22:00:00,wind,1463_634_1505_675
2020-11-15 23:00:00,2020-11-15 23:00:00,wind,1446_595_1533_732
2020-11-15 23:00:00,2020-11-15 23:00:00,wind,1448_738_1508_849
2020-11-24 00:00:00,2020-11-24 00:00:00,wind,881_478_924_521
2020-11-24 00:00:00,2020-11-24 00:00:00,hail,902_435_943_482
2020-11-24 01:00:00,2020-11-24 01:00:00,hail+wind,924_445_970_495
2020-11-24 01:00:00,2020-11-24 01:00:00,hail,924_376_966_417
2020-11-24 02:00:00,2020-11-24 02:00:00,hail+wind+torn,932_377_986_425
2020-11-24 02:00:00,2020-11-24 02:00:00,hail+wind,942_442_999_501
2020-11-24 02:00:00,2020-11-24 02:00:00,wind+torn,890_293_933_335
2020-11-24 03:00:00,2020-11-24 03:00:00,wind,915_321_961_361
2020-11-24 03:00:00,2020-11-24 03:00:00,hail+wind,964_455_1013_501
2020-11-24 03:00:00,2020-11-24 03:00:00,wind+torn,966_390_1007_431
2020-11-24 21:00:00,2020-11-24 21:00:00,hail,831_393_875_438
2020-11-29 08:00:00,2020-11-29 08:00:00,wind+torn,1322_243_1370_291
2020-11-29 08:00:00,2020-11-29 08:00:00,wind,1500_609_1542_688
2020-11-30 19:00:00,2020-11-30 19:00:00,torn+wind,1485_621_1525_661
2020-11-30 20:00:00,2020-11-30 20:00:00,wind+torn,1493_622_1545_706
2020-11-30 20:00:00,2020-11-30 20:00:00,torn+wind,1497_604_1540_649
2020-12-13 01:00:00,2020-12-13 01:00:00,wind,1088_283_1131_329
2020-12-13 01:00:00,2020-12-13 01:00:00,wind,1097_300_1143_341
2020-12-13 07:00:00,2020-12-13 07:00:00,torn+wind,1207_337_1255_380
2020-12-13 07:00:00,2020-12-13 07:00:00,wind,1210_331_1251_372
2020-12-13 07:00:00,2020-12-13 07:00:00,wind,1219_343_1261_385
2020-12-16 21:00:00,2020-12-16 21:00:00,torn,1376_156_1417_197
2020-12-19 19:00:00,2020-12-19 19:00:00,wind,990_199_1032_239
2020-12-23 05:00:00,2020-12-23 05:00:00,wind+torn,1090_258_1134_299
2020-12-23 05:00:00,2020-12-23 05:00:00,torn+wind,1098_262_1141_302
2020-12-23 06:00:00,2020-12-23 06:00:00,wind+torn,1125_267_1173_313
2020-12-23 07:00:00,2020-12-23 07:00:00,torn+wind,1132_270_1184_319
2020-12-24 00:00:00,2020-12-24 00:00:00,wind,1394_224_1447_294
2020-12-24 00:00:00,2020-12-24 00:00:00,wind,1365_153_1415_197
2020-12-24 00:00:00,2020-12-24 00:00:00,wind+torn,1410_352_1458_418
2020-12-24 02:00:00,2020-12-24 02:00:00,wind,1449_462_1504_503
2020-12-24 04:00:00,2020-12-24 04:00:00,wind+torn,1481_507_1533_559
2020-12-24 04:00:00,2020-12-24 04:00:00,wind,1490_446_1538_492
2020-12-24 05:00:00,2020-12-24 05:00:00,wind,1503_517_1543_563
2020-12-24 05:00:00,2020-12-24 05:00:00,wind,1489_587_1534_651
2020-12-24 22:00:00,2020-12-24 22:00:00,wind,1342_209_1398_281
2020-12-24 23:00:00,2020-12-24 23:00:00,wind+torn,1370_219_1445_388
